股票代码,股票名称,涨跌幅,最新价,最高,最低,今开,涨跌额,换手率,量比,动态市盈率,成交量,成交额,昨日收盘,总市值,流通市值,行情ID,市场类型,更新时间,最新交易日
BK1051,昨日连板_含一字,3.8,2512.26,2526.39,2483.44,2513.85,92.07,14.46,2.0,-38.62,20384297,11445423596.0,2420.19,101353625000,84968721000,90.BK1051,板块,2026-02-06 11:17:45,2026-02-06
BK0690,氟化工,3.01,5675.45,5685.96,5435.61,5466.35,165.66,1.52,1.02,49.31,9180180,18962090884.0,5509.79,1064097312000,928288480000,90.BK0690,板块,2026-02-06 11:17:45,2026-02-06
BK1011,环氧丙烷,2.99,749.58,752.88,715.74,721.45,21.74,1.76,1.28,36.24,6161740,10812341163.0,727.84,662173616000,648969728000,90.BK1011,板块,2026-02-06 11:17:42,2026-02-06
BK0816,昨日连板,2.8,3288.61,3312.69,3190.0,3256.62,89.54,15.17,2.05,-62.95,17522183,9063544896.0,3199.07,74803947000,66189388000,90.BK0816,板块,2026-02-06 11:17:45,2026-02-06
BK1145,机器人执行器,2.68,2172.16,2175.67,2089.96,2100.26,56.65,1.95,1.47,62.4,3690315,17710383830.0,2115.51,823613984000,760943216000,90.BK1145,板块,2026-02-06 11:17:45,2026-02-06
BK1092,麒麟电池,2.64,2036.63,2039.72,1963.4,1963.4,52.46,1.67,1.32,28.09,1508167,12594540469.0,1984.17,1828147680000,1701707376000,90.BK1092,板块,2026-02-06 11:17:45,2026-02-06
BK1012,PVDF概念,2.62,1274.65,1277.26,1227.2,1231.28,32.54,1.36,1.47,44.1,2371130,6102760146.0,1242.11,475980960000,458740400000,90.BK1012,板块,2026-02-06 11:17:45,2026-02-06
BK1131,同步磁阻电机,2.62,2695.4,2698.98,2599.39,2617.96,68.8,2.6,1.65,69.44,1215033,2585418647.0,2626.6,130285085000,125482828000,90.BK1131,板块,2026-02-06 11:17:42,2026-02-06
BK1173,锂矿概念,2.57,2017.51,2020.54,1923.93,1930.22,50.59,1.34,0.99,31.87,10715576,38204937534.0,1966.92,4227897328000,3776621328000,90.BK1173,板块,2026-02-06 11:17:45,2026-02-06
BK0512,化工原料,2.5,30112.63,30189.51,28972.4,29091.77,733.06,1.62,1.27,29.88,12903029,24845867579.0,29379.57,1690423008000,1605225936000,90.BK0512,板块,2026-02-06 11:17:45,2026-02-06
BK0988,钠离子电池,2.48,1897.59,1900.12,1832.37,1837.93,45.98,1.4,1.37,36.47,11869144,32915144408.0,1851.61,2889473696000,2670632336000,90.BK0988,板块,2026-02-06 11:17:45,2026-02-06
BK1010,磷化工,2.48,1056.56,1060.01,1012.5,1017.73,25.55,1.48,1.15,25.22,11626264,18691302647.0,1031.01,1297120768000,1126643840000,90.BK1010,板块,2026-02-06 11:17:45,2026-02-06
BK0961,有机硅,2.47,1915.17,1917.28,1842.5,1850.11,46.23,1.91,1.48,70.86,4117101,7688870894.0,1868.94,474911184000,421221952000,90.BK0961,板块,2026-02-06 11:17:45,2026-02-06
BK0936,长寿药,2.46,1235.67,1239.9,1207.78,1210.17,29.66,3.23,1.53,61.83,3611293,3532558391.0,1206.01,161381561000,137475368000,90.BK0936,板块,2026-02-06 11:17:45,2026-02-06
BK0950,草甘膦,2.44,1946.32,1953.97,1870.14,1881.4,46.37,1.49,1.04,52.96,2979530,2819019127.0,1899.95,212167712000,205556881000,90.BK0950,板块,2026-02-06 11:17:45,2026-02-06
BK0932,尾气治理,2.41,2104.99,2107.51,2052.08,2056.46,49.54,2.22,1.22,80.35,4596333,9771219951.0,2055.45,347989888000,326668096000,90.BK0932,板块,2026-02-06 11:17:45,2026-02-06
BK1156,PEEK材料概念,2.32,1963.09,1965.69,1897.24,1906.29,44.45,2.09,1.28,54.19,5469070,12588041723.0,1918.64,818312144000,688810016000,90.BK1156,板块,2026-02-06 11:17:45,2026-02-06
BK1052,动力电池回收,2.26,1034.96,1036.12,998.47,1001.56,22.86,1.76,1.21,42.08,9116860,30582447758.0,1012.1,2874399952000,2559171984000,90.BK1052,板块,2026-02-06 11:17:45,2026-02-06
BK1078,肝炎概念,2.25,1462.82,1465.88,1446.17,1447.33,32.15,2.84,2.6,4677.39,10556383,13878361674.0,1430.67,670206432000,593393904000,90.BK1078,板块,2026-02-06 11:17:45,2026-02-06
BK0996,毛发医疗,2.16,1059.46,1064.63,1053.76,1053.76,22.38,3.04,3.37,282.88,4100353,3493953797.0,1037.08,126394390000,105584135000,90.BK0996,板块,2026-02-06 11:17:45,2026-02-06
BK0805,钛白粉,2.15,1419.05,1426.86,1361.01,1378.01,29.8,1.28,1.14,84.28,2725492,2798820290.0,1389.25,213020052000,199913923000,90.BK0805,板块,2026-02-06 11:17:45,2026-02-06
BK0895,维生素,2.12,2142.65,2151.09,2106.44,2106.65,44.46,2.28,2.46,22.67,7139037,9028793321.0,2098.19,515361072000,484381728000,90.BK0895,板块,2026-02-06 11:17:45,2026-02-06
BK1168,铜缆高速连接,2.08,2505.56,2509.09,2426.8,2426.8,50.99,1.87,1.06,41.0,5709094,19153100429.0,2454.57,1023295568000,943083280000,90.BK1168,板块,2026-02-06 11:17:42,2026-02-06
BK1138,液冷概念,2.07,1906.83,1909.36,1846.83,1852.38,38.61,2.3,1.25,34.63,31426959,79592150003.0,1868.22,5320249088000,5011286272000,90.BK1138,板块,2026-02-06 11:17:45,2026-02-06
BK1165,娃哈哈概念,2.02,1748.72,1750.04,1701.88,1707.66,34.57,1.14,1.27,-551.74,2315816,2925063058.0,1714.15,154680711000,145709471000,90.BK1165,板块,2026-02-06 11:17:42,2026-02-06
BK0865,电子烟,2.02,2648.39,2652.67,2568.24,2576.23,52.33,1.9,1.31,45.92,7836179,27454000521.0,2596.06,1387288576000,1324132800000,90.BK0865,板块,2026-02-06 11:17:45,2026-02-06
BK0968,固态电池,2.01,2547.38,2550.56,2466.68,2475.36,50.19,1.4,1.29,44.96,28839576,77367616474.0,2497.19,6436771072000,5692621824000,90.BK0968,板块,2026-02-06 11:17:42,2026-02-06
BK0918,特高压,1.99,2826.03,2835.4,2743.04,2745.03,55.1,2.57,1.25,40.9,25698250,41049233932.0,2770.93,1779335888000,1641806336000,90.BK0918,板块,2026-02-06 11:17:45,2026-02-06
BK1136,光通信模块,1.98,2766.38,2769.93,2680.0,2680.0,53.84,3.62,1.41,80.34,18671977,86015195385.0,2712.54,2966174688000,2688970176000,90.BK1136,板块,2026-02-06 11:17:45,2026-02-06
BK1100,减速器,1.97,2074.52,2076.74,2014.4,2022.76,40.11,1.74,1.1,77.73,9650612,20763827510.0,2034.41,1195993936000,1059652640000,90.BK1100,板块,2026-02-06 11:17:45,2026-02-06
BK0574,锂电池,1.9,4497.11,4501.67,4358.48,4371.97,83.8,1.85,1.3,40.95,72121678,149014911323.0,4413.31,11045869312000,9637228032000,90.BK0574,板块,2026-02-06 11:17:45,2026-02-06
BK1184,人形机器人,1.89,1893.24,1895.41,1835.61,1844.98,35.12,1.32,1.2,52.12,24296264,74732187370.0,1858.12,5603276288000,4826144256000,90.BK1184,板块,2026-02-06 11:17:42,2026-02-06
BK0617,石墨烯,1.89,2869.62,2872.26,2792.56,2795.79,53.28,2.12,1.22,114.5,15550671,20047726667.0,2816.34,1044213152000,953638896000,90.BK0617,板块,2026-02-06 11:17:45,2026-02-06
BK0615,中药概念,1.87,2434.22,2447.92,2424.69,2429.89,44.57,2.0,2.56,35.21,27093390,28806140858.0,2389.65,2083921328000,1951168704000,90.BK0615,板块,2026-02-06 11:17:45,2026-02-06
BK1003,抽水蓄能,1.86,1798.3,1802.32,1752.76,1753.25,32.86,1.2,1.28,22.24,11137209,15442822295.0,1765.44,1074369760000,953382400000,90.BK1003,板块,2026-02-06 11:17:42,2026-02-06
BK0676,独家药品,1.86,2705.37,2721.05,2698.18,2701.43,49.31,2.05,2.85,29.62,8506589,10484480425.0,2656.06,764025744000,676600000000,90.BK0676,板块,2026-02-06 11:17:45,2026-02-06
BK0909,降解塑料,1.84,2106.73,2109.42,2047.61,2056.73,38.14,1.24,1.17,54.31,9385944,9909599222.0,2068.59,900812832000,835974096000,90.BK0909,板块,2026-02-06 11:17:45,2026-02-06
BK1128,CPO概念,1.84,5659.58,5668.7,5484.75,5484.75,102.38,2.69,1.17,58.93,12288650,78480717690.0,5557.2,3131129088000,2936427232000,90.BK1128,板块,2026-02-06 11:17:45,2026-02-06
BK1089,汽车热管理,1.8,2355.99,2358.1,2298.5,2304.99,41.57,1.84,1.29,45.03,9672232,21952281579.0,2314.42,1232364352000,1043424176000,90.BK1089,板块,2026-02-06 11:17:42,2026-02-06
BK0872,青蒿素,1.79,1937.17,1944.66,1904.47,1904.74,34.09,1.55,2.37,17.2,1822096,4013363432.0,1903.08,311240272000,283768304000,90.BK0872,板块,2026-02-06 11:17:45,2026-02-06
BK1082,噪声防治,1.79,1780.3,1781.97,1731.66,1739.52,31.35,1.36,0.94,432.95,425395,571425773.0,1748.95,49992657000,38585099000,90.BK1082,板块,2026-02-06 11:17:45,2026-02-06
BK0877,PCB,1.74,2996.22,3000.27,2899.49,2914.23,51.35,2.24,1.34,78.08,18605548,54594880023.0,2944.87,3026137200000,2639497728000,90.BK0877,板块,2026-02-06 11:17:45,2026-02-06
BK0622,地热能,1.73,5052.68,5060.44,4918.14,4943.54,85.97,2.3,1.54,47.49,1562957,1653662564.0,4966.71,90374089000,88483999000,90.BK0622,板块,2026-02-06 11:17:45,2026-02-06
BK0842,富士康,1.7,2779.62,2783.83,2700.18,2708.15,46.5,1.7,1.21,56.48,4490254,19829212000.0,2733.12,995247072000,885829984000,90.BK0842,板块,2026-02-06 11:17:45,2026-02-06
BK1056,幽门螺杆菌概念,1.7,1052.16,1055.29,1041.47,1041.47,17.57,1.79,1.94,67.73,5498966,6221667956.0,1034.59,484157808000,428433936000,90.BK1056,板块,2026-02-06 11:17:45,2026-02-06
BK0666,苹果概念,1.66,4768.91,4775.65,4634.01,4654.6,78.08,1.55,1.27,51.94,24398592,63424218252.0,4690.83,4442122240000,4144587248000,90.BK0666,板块,2026-02-06 11:17:45,2026-02-06
BK0899,CRO,1.63,1943.6,1946.64,1898.82,1909.78,31.17,1.32,1.53,32.77,2347778,7230612091.0,1912.43,752229936000,634230752000,90.BK0899,板块,2026-02-06 11:17:45,2026-02-06
BK0913,消毒剂,1.63,1850.98,1855.66,1814.81,1814.81,29.72,1.69,1.13,51.57,9606593,11817437906.0,1821.26,795162032000,750195184000,90.BK0913,板块,2026-02-06 11:17:45,2026-02-06
BK0894,阿兹海默,1.62,2108.63,2110.08,2074.87,2082.02,33.69,1.31,1.4,40.17,1814612,2910830189.0,2074.94,280112384000,238365712000,90.BK0894,板块,2026-02-06 11:17:45,2026-02-06
BK1148,BC电池,1.62,1322.03,1324.31,1276.68,1279.97,21.1,5.99,2.26,-31.57,21749588,21434444029.0,1300.93,666011680000,622926944000,90.BK1148,板块,2026-02-06 11:17:42,2026-02-06
BK0958,虚拟电厂,1.62,2443.39,2446.7,2378.45,2387.85,38.92,1.61,1.24,38.24,9832454,13460825159.0,2404.47,886994768000,824098384000,90.BK0958,板块,2026-02-06 11:17:45,2026-02-06
BK0644,特斯拉,1.61,7372.59,7380.52,7168.03,7197.21,117.06,1.63,1.23,37.33,32332373,99970378270.0,7255.53,6781480448000,6159573248000,90.BK0644,板块,2026-02-06 11:17:45,2026-02-06
BK0535,QFII重仓,1.61,24311.91,24332.28,23714.83,23820.22,385.35,2.0,1.29,24.12,36013691,70833034268.0,23926.56,4791788288000,3366901168000,90.BK0535,板块,2026-02-06 11:17:45,2026-02-06
BK0943,汽车拆解,1.61,1383.64,1386.11,1345.69,1350.46,21.94,1.33,0.96,-237.72,4084125,4716317480.0,1361.7,282984672000,235417871000,90.BK0943,板块,2026-02-06 11:17:45,2026-02-06
BK0547,黄金概念,1.59,22343.29,22412.55,21320.21,21368.42,349.94,2.3,1.22,29.52,38653237,68818288236.0,21993.35,3661172944000,3058630368000,90.BK0547,板块,2026-02-06 11:17:45,2026-02-06
BK1113,复合集流体,1.56,1427.63,1431.07,1383.99,1393.14,21.95,2.34,1.44,539.04,4803947,6336866766.0,1405.68,369628176000,326645072000,90.BK1113,板块,2026-02-06 11:17:45,2026-02-06
BK0960,无线充电,1.56,3511.61,3516.13,3429.13,3440.03,53.8,1.46,1.06,27.65,5772863,21359039397.0,3457.81,2154954656000,1539301856000,90.BK0960,板块,2026-02-06 11:17:45,2026-02-06
BK1116,抗菌面料,1.56,1827.13,1827.33,1784.0,1790.6,27.98,1.62,1.43,45.82,1586368,1882156094.0,1799.15,118684797000,108915134000,90.BK1116,板块,2026-02-06 11:17:45,2026-02-06
BK1023,培育钻石,1.55,2432.58,2434.57,2365.46,2370.35,37.23,2.89,0.99,-234.8,3652176,6814787513.0,2395.35,260926339000,247737191000,90.BK1023,板块,2026-02-06 11:17:45,2026-02-06
BK1106,创新药,1.53,1548.05,1550.23,1529.87,1531.01,23.33,1.56,1.96,59.42,19689856,31841796747.0,1524.72,3591128400000,2767117536000,90.BK1106,板块,2026-02-06 11:17:42,2026-02-06
BK1144,高压快充,1.53,1572.27,1574.46,1528.29,1535.79,23.63,2.46,1.3,50.91,8357369,15000613546.0,1548.64,783769728000,683425968000,90.BK1144,板块,2026-02-06 11:17:42,2026-02-06
BK0523,新材料,1.52,39735.09,39773.4,38685.7,38804.58,596.53,2.08,1.2,56.94,65021004,123626641737.0,39138.56,7008684288000,6277019392000,90.BK0523,板块,2026-02-06 11:17:45,2026-02-06
BK0897,IPv6,1.51,1517.73,1520.39,1473.1,1481.09,22.57,1.55,1.23,34.73,7820445,16016679359.0,1495.16,631076656000,589008560000,90.BK0897,板块,2026-02-06 11:17:45,2026-02-06
BK0581,智能电网,1.51,2349.75,2356.02,2287.88,2295.76,35.0,2.68,1.22,53.35,38549613,56315260830.0,2314.75,2726830944000,2447638128000,90.BK0581,板块,2026-02-06 11:17:45,2026-02-06
BK1064,东数西算,1.49,1917.58,1919.8,1865.25,1873.84,28.16,1.72,1.15,78.59,14961147,26812295987.0,1889.42,1422061904000,1316576384000,90.BK1064,板块,2026-02-06 11:17:45,2026-02-06
BK0695,小金属概念,1.49,4411.6,4421.67,4246.89,4253.74,64.89,1.87,1.06,30.7,49652628,95520686032.0,4346.71,5548256256000,4550043648000,90.BK0695,板块,2026-02-06 11:17:45,2026-02-06
BK1158,微盘股,1.49,3854.41,3856.58,3776.31,3787.61,56.77,2.3,1.27,-51.93,19932476,19338248049.0,3797.64,1032066336000,891891984000,90.BK1158,板块,2026-02-06 11:17:45,2026-02-06
BK0880,UWB概念,1.48,2121.75,2124.26,2080.01,2081.86,30.86,1.26,1.05,61.82,6136865,14544067893.0,2090.89,504214640000,470735648000,90.BK0880,板块,2026-02-06 11:17:45,2026-02-06
BK1072,中俄贸易概念,1.48,1905.02,1906.33,1869.17,1873.48,27.74,1.17,1.14,41.13,7943190,11664536513.0,1877.28,756090624000,631298368000,90.BK1072,板块,2026-02-06 11:17:45,2026-02-06
BK0900,新能源车,1.48,2679.18,2681.71,2612.47,2621.25,39.0,1.64,1.17,34.29,93368817,202732552142.0,2640.18,15911358720000,13576063232000,90.BK0900,板块,2026-02-06 11:17:45,2026-02-06
BK1097,TOPCon电池,1.47,1070.36,1073.32,1036.81,1041.11,15.55,6.32,2.05,-25.91,30955121,31999923808.0,1054.81,833501216000,730381264000,90.BK1097,板块,2026-02-06 11:17:42,2026-02-06
BK0906,流感,1.45,1752.28,1758.56,1742.01,1743.67,25.01,1.8,2.3,42.08,18473777,19930670162.0,1727.27,1525430448000,1388375360000,90.BK0906,板块,2026-02-06 11:17:45,2026-02-06
BK1094,钙钛矿电池,1.45,1153.87,1155.38,1116.06,1121.47,16.48,3.87,1.92,-41.78,34630137,29443025183.0,1137.39,884223488000,848323232000,90.BK1094,板块,2026-02-06 11:17:42,2026-02-06
BK0925,北交所概念,1.42,2261.52,2266.85,2220.18,2224.17,31.73,2.34,1.18,46.71,6658354,7073981973.0,2229.79,346867776000,316281008000,90.BK0925,板块,2026-02-06 11:17:45,2026-02-06
BK0989,储能,1.41,2478.07,2480.7,2415.94,2422.49,34.37,1.63,1.28,32.77,90415189,144115093628.0,2443.7,11546782464000,9925964800000,90.BK0989,板块,2026-02-06 11:17:42,2026-02-06
BK0985,换电概念,1.4,1802.11,1803.76,1760.5,1766.42,24.81,1.12,1.18,71.05,5427102,10262753338.0,1777.3,893643120000,850915248000,90.BK0985,板块,2026-02-06 11:17:45,2026-02-06
BK1160,柔性屏(折叠屏),1.39,2001.27,2003.73,1951.53,1958.18,27.52,1.27,1.02,79.4,13512428,27419436150.0,1973.75,1531890736000,1384744848000,90.BK1160,板块,2026-02-06 11:17:42,2026-02-06
BK1006,碳基材料,1.39,1119.42,1120.99,1089.03,1097.4,15.39,1.37,0.85,99.91,2107737,2520810914.0,1104.03,197150076000,176899651000,90.BK1006,板块,2026-02-06 11:17:45,2026-02-06
BK0938,代糖概念,1.39,1212.28,1214.65,1188.64,1193.64,16.6,2.68,2.19,24.86,2662650,2564039507.0,1195.68,170235479000,164394941000,90.BK0938,板块,2026-02-06 11:17:45,2026-02-06
BK0682,燃料电池,1.38,4630.28,4633.7,4527.18,4537.34,63.23,1.38,1.19,49.56,24182554,41997697842.0,4567.05,3245598480000,2808681680000,90.BK0682,板块,2026-02-06 11:17:45,2026-02-06
BK1063,重组蛋白,1.38,1088.45,1090.44,1073.44,1074.11,14.79,1.46,1.49,66.19,969597,2220935355.0,1073.66,257232175000,190644848000,90.BK1063,板块,2026-02-06 11:17:45,2026-02-06
BK1065,气溶胶检测,1.37,1723.48,1727.24,1684.37,1690.63,23.34,0.88,0.94,32.69,3397918,1995892202.0,1700.14,205116731000,197410508000,90.BK1065,板块,2026-02-06 11:17:45,2026-02-06
BK0964,6G概念,1.36,2355.91,2360.89,2302.91,2304.2,31.71,2.85,1.14,19.5,9290169,29422557408.0,2324.2,3015590032000,932802192000,90.BK0964,板块,2026-02-06 11:17:45,2026-02-06
BK0908,HIT电池,1.36,3471.84,3480.61,3356.45,3374.29,46.55,5.26,1.8,-28.87,28932867,33435471407.0,3425.29,902257120000,797064320000,90.BK0908,板块,2026-02-06 11:17:45,2026-02-06
BK0884,光刻机(胶),1.36,4155.86,4161.16,4059.02,4065.79,55.58,2.24,1.13,80.07,8137726,26318197131.0,4100.28,1726901936000,1489384320000,90.BK0884,板块,2026-02-06 11:17:45,2026-02-06
BK0893,无线耳机,1.35,2500.02,2503.54,2438.88,2447.64,33.32,1.56,1.04,51.33,11003570,43917510494.0,2466.7,2962228928000,2688440144000,90.BK0893,板块,2026-02-06 11:17:45,2026-02-06
BK0998,机器视觉,1.35,2101.03,2103.4,2050.67,2058.65,27.93,2.1,1.49,150.07,7702458,13304784571.0,2073.1,912162544000,748768688000,90.BK0998,板块,2026-02-06 11:17:45,2026-02-06
BK0578,稀土永磁,1.35,3688.49,3691.45,3583.92,3591.86,49.26,1.48,0.8,39.84,12860973,22672263896.0,3639.23,1432559328000,1277726560000,90.BK0578,板块,2026-02-06 11:17:45,2026-02-06
BK0840,OLED,1.35,3669.49,3674.09,3575.28,3587.57,48.98,1.66,1.2,74.28,26947206,58732572248.0,3620.51,3205259024000,2903556304000,90.BK0840,板块,2026-02-06 11:17:45,2026-02-06
BK1198,2025三季报预增,1.35,1133.71,1134.76,1104.29,1108.48,15.1,1.32,1.16,15.06,14869308,32171111428.0,1118.61,4106669712000,3365107168000,90.BK1198,板块,2026-02-06 11:17:45,2026-02-06
BK0944,肝素概念,1.34,993.67,997.65,984.87,985.94,13.1,1.53,2.5,31.56,2310171,1976281248.0,980.57,234164643000,210370188000,90.BK0944,板块,2026-02-06 11:17:45,2026-02-06
BK0519,稀缺资源,1.34,36020.39,36142.31,34746.25,34778.62,475.64,1.65,1.05,25.04,33928523,66398381983.0,35544.75,5290039040000,4534657536000,90.BK0519,板块,2026-02-06 11:17:45,2026-02-06
BK1628,2025三季报扭亏,1.33,997.59,999.23,972.52,976.1,13.06,0.86,0.98,-580.5,1362204,1819078509.0,984.53,137327466000,125088622000,90.BK1628,板块,2026-02-06 11:17:45,2026-02-06
BK1066,民爆概念,1.33,1763.68,1771.94,1723.15,1725.91,23.11,1.01,1.04,25.58,2068564,4828416660.0,1740.57,288902064000,264215028000,90.BK1066,板块,2026-02-06 11:17:45,2026-02-06
BK1004,工业母机,1.33,2216.72,2218.87,2167.65,2173.93,29.01,1.01,1.13,35.02,6838006,17992542977.0,2187.71,1685315584000,1439890000000,90.BK1004,板块,2026-02-06 11:17:45,2026-02-06
BK0679,超导概念,1.32,7223.0,7244.28,7039.69,7039.69,94.17,2.73,1.1,46.84,4107086,11366738118.0,7128.83,447900160000,369062864000,90.BK0679,板块,2026-02-06 11:17:45,2026-02-06
BK0866,人造肉,1.31,1202.15,1202.89,1178.86,1181.06,15.53,1.46,1.26,35.3,2126717,2125525458.0,1186.62,192210490000,182563578000,90.BK0866,板块,2026-02-06 11:17:45,2026-02-06
BK0675,病毒防治,1.31,2953.86,2960.88,2925.78,2925.78,38.27,1.65,1.98,61.08,15432857,20006358618.0,2915.59,1530190352000,1350371168000,90.BK0675,板块,2026-02-06 11:17:45,2026-02-06
BK0951,刀片电池,1.3,3203.52,3207.39,3108.12,3122.87,40.97,1.69,1.15,26.9,1881206,4878256826.0,3162.55,998942176000,473393360000,90.BK0951,板块,2026-02-06 11:17:45,2026-02-06
BK0984,华为汽车,1.3,2668.27,2670.71,2605.52,2618.89,34.18,1.34,1.06,63.71,14699451,31119309011.0,2634.09,2337313808000,2087225808000,90.BK0984,板块,2026-02-06 11:17:42,2026-02-06
BK1632,昨日高换手,1.3,1019.01,1021.26,982.82,984.82,13.06,11.55,1.52,-713.33,94556013,125765830671.0,1005.95,1254244048000,893323040000,90.BK1632,板块,2026-02-06 11:17:45,2026-02-06
BK1171,碳纤维,1.28,1826.54,1828.35,1783.1,1791.76,23.08,2.15,1.29,56.29,7177209,11232232826.0,1803.46,526940624000,462620000000,90.BK1171,板块,2026-02-06 11:17:45,2026-02-06
BK0606,油气设服,1.27,2526.6,2535.81,2455.67,2463.08,31.61,1.62,1.01,15.12,12034655,13045048289.0,2494.99,2362736800000,745214800000,90.BK0606,板块,2026-02-06 11:17:45,2026-02-06
BK1070,土壤修复,1.27,1052.74,1054.31,1032.84,1035.89,13.25,1.23,1.07,145.84,3925352,4535846322.0,1039.49,246105311000,230977679000,90.BK1070,板块,2026-02-06 11:17:45,2026-02-06
BK1174,合成生物,1.27,1425.48,1427.06,1401.06,1402.57,17.88,2.1,1.59,27.24,14398781,21048882187.0,1407.6,1511692976000,1286689840000,90.BK1174,板块,2026-02-06 11:17:42,2026-02-06
BK0536,基金重仓,1.26,14215.31,14239.73,13810.68,13877.27,176.28,1.27,1.13,35.44,10827365,110730939973.0,14039.03,8810777088000,8012632320000,90.BK0536,板块,2026-02-06 11:17:45,2026-02-06
BK1005,专精特新,1.26,1756.01,1757.61,1717.34,1723.21,21.9,1.98,1.15,111.63,51699034,190659860666.0,1734.11,11946875392000,9569212160000,90.BK1005,板块,2026-02-06 11:17:45,2026-02-06
BK0566,滨海新区,1.26,11450.87,11483.42,11272.36,11272.36,141.99,2.1,1.6,-41.26,7142561,5020278003.0,11308.88,241550666000,221777425000,90.BK0566,板块,2026-02-06 11:17:45,2026-02-06
BK0595,风能,1.25,2825.7,2831.18,2765.74,2772.56,34.76,1.06,1.17,21.21,54930200,83714585879.0,2790.94,8582361344000,5961367296000,90.BK0595,板块,2026-02-06 11:17:45,2026-02-06
BK0983,核污染防治,1.25,1785.44,1789.17,1748.64,1755.68,22.07,0.76,1.06,68.01,4622107,4779368889.0,1763.37,443216192000,371064128000,90.BK0983,板块,2026-02-06 11:17:45,2026-02-06
BK1146,减肥药,1.24,1313.0,1313.82,1293.73,1298.96,16.02,1.31,1.59,47.19,3914450,7296301132.0,1296.98,954357520000,878190560000,90.BK1146,板块,2026-02-06 11:17:42,2026-02-06
BK0990,快递概念,1.23,1214.66,1215.86,1195.0,1195.2,14.77,0.86,1.04,20.0,4867248,4969681711.0,1199.89,641888384000,589319872000,90.BK0990,板块,2026-02-06 11:17:45,2026-02-06
BK1090,机器人概念,1.23,2238.23,2240.41,2186.16,2196.37,27.1,1.55,1.14,43.15,79173334,174644995685.0,2211.13,13255928320000,11402581248000,90.BK1090,板块,2026-02-06 11:17:45,2026-02-06
BK1162,AI手机,1.23,1939.15,1941.87,1888.39,1901.81,23.6,1.19,1.03,50.18,3336178,12913053928.0,1915.55,1062740400000,956038464000,90.BK1162,板块,2026-02-06 11:17:45,2026-02-06
BK0888,农业种植,1.22,2675.18,2680.15,2626.72,2631.59,32.36,1.92,0.95,30.15,13378810,12721080545.0,2642.82,881201808000,805752000000,90.BK0888,板块,2026-02-06 11:17:45,2026-02-06
BK1141,混合现实,1.21,1809.01,1811.32,1761.46,1773.72,21.59,1.04,0.95,38.04,7370990,18608720827.0,1787.42,1310426064000,1234975520000,90.BK1141,板块,2026-02-06 11:17:45,2026-02-06
BK0700,充电桩,1.2,3306.66,3310.33,3232.86,3243.21,39.21,1.74,1.14,37.69,38491445,68738061993.0,3267.45,5185217024000,4236748064000,90.BK0700,板块,2026-02-06 11:17:45,2026-02-06
BK0742,创业板综,1.2,2085.55,2087.57,2037.77,2048.88,24.73,2.48,1.21,71.81,128114676,341433367365.0,2060.82,18604300544000,14940131840000,90.BK0742,板块,2026-02-06 11:17:45,2026-02-06
BK0870,单抗概念,1.2,1809.4,1814.12,1786.09,1790.12,21.54,0.98,1.69,58.63,4573688,9033487990.0,1787.86,1776405504000,1234993008000,90.BK0870,板块,2026-02-06 11:17:45,2026-02-06
BK1102,空气能热泵,1.19,1715.0,1716.52,1682.5,1684.12,20.1,1.09,1.18,14.12,4461234,12474793856.0,1694.9,1593276384000,1370497008000,90.BK1102,板块,2026-02-06 11:17:45,2026-02-06
BK1088,F5G概念,1.19,3961.61,3968.54,3869.55,3869.55,46.78,1.52,1.42,40.82,6453892,34007770361.0,3914.83,1321664128000,1284197520000,90.BK1088,板块,2026-02-06 11:17:45,2026-02-06
BK1163,可控核聚变,1.19,2506.71,2517.02,2447.57,2447.57,29.5,1.42,1.31,43.28,21797570,40136348840.0,2477.21,2160160256000,1995607488000,90.BK1163,板块,2026-02-06 11:17:42,2026-02-06
BK0588,太阳能,1.19,4380.33,4385.86,4279.82,4290.35,51.58,1.88,1.34,45.44,113379892,156138285051.0,4328.75,9753459712000,8075483904000,90.BK0588,板块,2026-02-06 11:17:45,2026-02-06
BK0889,医疗美容,1.18,1942.07,1946.74,1917.62,1920.87,22.69,1.35,1.47,41.04,14104507,15591833953.0,1919.38,1132861120000,1017143984000,90.BK0889,板块,2026-02-06 11:17:45,2026-02-06
BK0864,氢能源,1.17,1631.18,1633.66,1595.72,1600.11,18.87,1.1,1.13,32.52,53635224,66750946001.0,1612.31,5891435264000,5067280128000,90.BK0864,板块,2026-02-06 11:17:45,2026-02-06
BK0862,超级真菌,1.16,1178.98,1181.97,1168.41,1168.5,13.49,1.12,1.73,43.63,3090923,3844432812.0,1165.49,674688400000,627273088000,90.BK0862,板块,2026-02-06 11:17:45,2026-02-06
BK0986,CAR-T细胞疗法,1.15,1273.18,1274.38,1258.01,1260.67,14.51,1.33,1.54,38.64,2162666,4955937346.0,1258.67,584500832000,473132880000,90.BK0986,板块,2026-02-06 11:17:42,2026-02-06
BK0975,磁悬浮概念,1.15,2504.18,2506.71,2448.2,2460.2,28.36,1.01,1.01,15.71,7095591,10116788223.0,2475.82,884204912000,745536752000,90.BK0975,板块,2026-02-06 11:17:45,2026-02-06
BK0492,煤化工,1.14,12213.69,12275.32,11936.64,11965.23,137.47,1.17,1.03,18.85,23135335,25396153262.0,12076.22,2986467648000,2698342896000,90.BK0492,板块,2026-02-06 11:17:45,2026-02-06
BK0494,节能环保,1.14,15787.36,15797.45,15498.58,15540.06,177.66,1.34,1.12,39.48,53999417,79385656847.0,15609.7,5395813888000,4726600192000,90.BK0494,板块,2026-02-06 11:17:45,2026-02-06
BK0493,新能源,1.13,19458.11,19491.69,19038.1,19097.82,218.17,1.71,1.42,26.36,73181618,79261978146.0,19239.94,7172781056000,4561004032000,90.BK0493,板块,2026-02-06 11:17:45,2026-02-06
BK0981,工业气体,1.13,2297.01,2304.08,2245.57,2249.14,25.64,1.08,1.24,53.26,3127537,6369192035.0,2271.37,579680496000,495758960000,90.BK0981,板块,2026-02-06 11:17:45,2026-02-06
BK0714,5G概念,1.13,1910.15,1912.47,1862.87,1870.19,21.39,1.77,1.17,37.77,66267476,192808332347.0,1888.76,11862047488000,9129485312000,90.BK0714,板块,2026-02-06 11:17:45,2026-02-06
BK1194,2025中报预增,1.13,1249.43,1250.37,1221.87,1224.74,13.91,1.29,1.2,27.38,77219201,186086709535.0,1235.52,13864002048000,12155484672000,90.BK1194,板块,2026-02-06 11:17:45,2026-02-06
BK1129,数字水印,1.13,1177.14,1178.2,1145.58,1156.21,13.2,2.24,1.3,-45.07,2670290,2551191743.0,1163.94,124048636000,115935001000,90.BK1129,板块,2026-02-06 11:17:42,2026-02-06
BK0855,纳米银,1.11,2780.44,2791.57,2727.66,2730.54,30.6,2.78,1.06,766.99,2036087,4450543087.0,2749.84,98723225000,94298850000,90.BK0855,板块,2026-02-06 11:17:45,2026-02-06
BK1099,轮毂电机,1.11,1240.31,1241.27,1216.57,1222.02,13.58,0.82,0.94,30.65,292061,525840049.0,1226.73,77054839000,68449141000,90.BK1099,板块,2026-02-06 11:17:42,2026-02-06
BK0832,工业互联,1.1,2857.65,2860.6,2797.54,2809.71,30.97,1.27,1.08,34.44,30267513,58589756716.0,2826.68,5883804416000,5272870400000,90.BK0832,板块,2026-02-06 11:17:45,2026-02-06
BK0619,3D打印,1.1,8512.92,8523.44,8331.1,8365.49,92.3,1.95,1.15,93.95,7422181,18512459843.0,8420.62,1013194704000,899076240000,90.BK0619,板块,2026-02-06 11:17:45,2026-02-06
BK0905,传感器,1.1,2396.78,2399.09,2347.58,2356.19,26.12,1.71,1.0,80.87,10666854,29993948037.0,2370.66,2368392160000,1874434304000,90.BK0905,板块,2026-02-06 11:17:45,2026-02-06
BK0966,碳交易,1.1,1963.66,1965.93,1927.53,1930.37,21.34,1.01,1.28,34.78,33473042,27330397108.0,1942.32,2946153744000,2560708032000,90.BK0966,板块,2026-02-06 11:17:45,2026-02-06
BK1164,AIPC,1.09,2360.04,2363.36,2298.9,2313.01,25.44,2.19,1.16,66.27,8529712,23883478926.0,2334.6,1683769328000,1483036304000,90.BK1164,板块,2026-02-06 11:17:45,2026-02-06
BK0812,贬值受益,1.09,1866.35,1867.35,1830.22,1836.18,20.15,1.48,1.22,32.95,17897225,56944216815.0,1846.2,4184126864000,3400121040000,90.BK0812,板块,2026-02-06 11:17:45,2026-02-06
BK0873,垃圾分类,1.09,1784.54,1787.52,1749.55,1754.8,19.18,1.32,1.15,40.29,12756427,14138966499.0,1765.36,970296352000,867444208000,90.BK0873,板块,2026-02-06 11:17:45,2026-02-06
BK1199,2025三季报预减,1.08,1317.67,1322.43,1291.62,1296.77,14.07,1.63,1.18,150.48,581686,905211791.0,1303.6,70545618000,67939215000,90.BK1199,板块,2026-02-06 11:17:42,2026-02-06
BK0915,WiFi,1.08,1574.65,1576.86,1543.41,1544.96,16.89,0.84,0.94,48.41,3882179,16074105089.0,1557.76,756394496000,692508160000,90.BK0915,板块,2026-02-06 11:17:45,2026-02-06
BK1161,英伟达概念,1.08,2027.57,2030.77,1971.97,1986.47,21.65,1.51,1.1,51.53,8081248,36434848393.0,2005.92,2757568752000,2548894416000,90.BK1161,板块,2026-02-06 11:17:42,2026-02-06
BK0698,免疫治疗,1.06,1644.85,1647.66,1624.57,1628.08,17.23,1.11,1.43,79.47,3926932,4748345810.0,1627.62,502272128000,445657968000,90.BK0698,板块,2026-02-06 11:17:45,2026-02-06
BK1155,小米汽车,1.06,1840.51,1842.54,1799.41,1807.85,19.22,1.72,1.18,30.55,14048575,42453291598.0,1821.29,4676625152000,3727143648000,90.BK1155,板块,2026-02-06 11:17:42,2026-02-06
BK1093,汽车一体化压铸,1.06,1455.66,1457.49,1423.54,1431.98,15.33,1.25,1.17,50.01,2049010,4850648285.0,1440.33,402396960000,365153328000,90.BK1093,板块,2026-02-06 11:17:45,2026-02-06
BK1196,2025中报扭亏,1.05,1200.84,1201.55,1175.33,1179.73,12.47,2.06,1.15,-551.84,53817211,52287899952.0,1188.37,2189322000000,1967695456000,90.BK1196,板块,2026-02-06 11:17:45,2026-02-06
BK1157,飞行汽车(eVTOL),1.03,2239.96,2242.19,2190.43,2202.43,22.83,1.24,1.06,60.56,7276806,15819756825.0,2217.13,1213276784000,1061629216000,90.BK1157,板块,2026-02-06 11:17:42,2026-02-06
BK1076,建筑节能,1.03,1235.69,1236.76,1210.11,1219.13,12.63,2.7,1.2,-101.76,7599305,7372886135.0,1223.06,280682336000,243578242000,90.BK1076,板块,2026-02-06 11:17:45,2026-02-06
BK0881,3D玻璃,1.03,1550.03,1551.56,1512.96,1520.37,15.78,1.53,1.12,91.32,3310440,5250186131.0,1534.25,388775408000,368845872000,90.BK0881,板块,2026-02-06 11:17:45,2026-02-06
BK0868,GDR,1.03,1243.9,1245.28,1215.69,1222.75,12.74,0.58,0.92,14.2,3625838,7552355033.0,1231.16,1681540096000,1500763712000,90.BK0868,板块,2026-02-06 11:17:45,2026-02-06
BK0641,智能穿戴,1.03,4013.6,4019.7,3919.56,3946.32,40.93,1.39,1.05,56.22,19543023,50603477224.0,3972.67,3584731344000,3287635296000,90.BK0641,板块,2026-02-06 11:17:45,2026-02-06
BK1175,玻璃基板,1.03,2070.17,2073.74,2017.69,2030.31,21.13,1.21,1.0,65.68,6801983,11596324727.0,2049.04,682805328000,621416912000,90.BK1175,板块,2026-02-06 11:17:45,2026-02-06
BK0669,生态农业,1.03,1659.8,1665.0,1627.41,1631.86,16.96,1.82,1.17,35.4,6996927,6693277405.0,1642.84,326527616000,280552048000,90.BK0669,板块,2026-02-06 11:17:45,2026-02-06
BK1150,新型工业化,1.02,1603.89,1606.1,1569.99,1575.86,16.27,1.16,1.07,54.36,9870086,26938611735.0,1587.62,2587553600000,2382615584000,90.BK1150,板块,2026-02-06 11:17:42,2026-02-06
BK1103,熔盐储能,1.02,1216.75,1219.64,1190.23,1192.91,12.34,1.42,1.26,21.8,1467143,1295551184.0,1204.41,105339950000,102680212000,90.BK1103,板块,2026-02-06 11:17:42,2026-02-06
BK0860,边缘计算,1.01,2400.51,2403.13,2344.04,2357.01,24.07,1.12,1.08,52.24,18710604,45178151717.0,2376.44,3201894736000,2874748336000,90.BK0860,板块,2026-02-06 11:17:45,2026-02-06
BK0833,小米概念,1.0,2472.76,2475.94,2415.36,2430.18,24.4,1.75,1.13,42.58,40389818,70752558746.0,2448.36,4290463744000,3846342352000,90.BK0833,板块,2026-02-06 11:17:45,2026-02-06
BK0955,C2M概念,1.0,1512.77,1513.77,1484.67,1491.38,14.98,1.12,1.2,56.33,4467762,5116592670.0,1497.79,328854048000,302104976000,90.BK0955,板块,2026-02-06 11:17:45,2026-02-06
BK0922,数据中心,1.0,2233.51,2235.87,2182.2,2193.6,22.18,1.49,1.08,27.53,52985254,96556424940.0,2211.33,8314380032000,5758874368000,90.BK0922,板块,2026-02-06 11:17:45,2026-02-06
BK0520,社保重仓,1.0,14545.23,14599.9,14159.5,14262.08,144.42,1.32,1.17,19.74,1701896,4249450759.0,14400.81,306528784000,272387808000,90.BK0520,板块,2026-02-06 11:17:45,2026-02-06
BK1068,净水概念,1.0,1301.05,1301.47,1287.96,1289.97,12.89,0.94,2.0,11.55,2808933,3310962285.0,1288.16,1159045584000,1007309072000,90.BK1068,板块,2026-02-06 11:17:45,2026-02-06
BK0600,参股新三板,1.0,3372.08,3375.24,3298.36,3314.04,33.33,2.5,1.21,41.77,34301297,42081517071.0,3338.75,1772789792000,1656497920000,90.BK0600,板块,2026-02-06 11:17:45,2026-02-06
BK0548,生物疫苗,0.99,29977.05,30009.03,29624.95,29624.95,294.44,1.17,1.14,40.25,7844823,9363801883.0,29682.61,1054743296000,929401728000,90.BK0548,板块,2026-02-06 11:17:45,2026-02-06
BK0528,转债标的,0.99,13230.71,13246.9,12962.77,13005.0,129.95,1.05,1.1,29.04,46595939,77672891517.0,13100.76,7331453696000,6687637248000,90.BK0528,板块,2026-02-06 11:17:45,2026-02-06
BK0856,工业大麻,0.99,2180.39,2186.4,2157.75,2157.75,21.29,1.89,1.56,36.85,6946283,7260438188.0,2159.1,442891568000,414789008000,90.BK0856,板块,2026-02-06 11:17:45,2026-02-06
BK0592,铁路基建,0.97,3077.81,3082.58,3024.17,3029.49,29.7,0.65,0.95,15.68,17950102,20319133864.0,3048.11,3159479120000,2743785856000,90.BK0592,板块,2026-02-06 11:17:45,2026-02-06
BK0939,辅助生殖,0.97,1150.49,1153.88,1140.54,1140.54,11.1,1.39,1.42,42.23,5761422,7513514471.0,1139.39,600135360000,540022928000,90.BK0939,板块,2026-02-06 11:17:45,2026-02-06
BK1008,国资云概念,0.97,1658.53,1660.91,1615.11,1627.84,15.97,2.08,1.48,-532.14,4868656,8068878072.0,1642.56,429596432000,420460032000,90.BK1008,板块,2026-02-06 11:17:45,2026-02-06
BK0603,页岩气,0.96,3061.85,3074.21,2982.32,2995.55,29.11,0.41,0.92,15.48,13323652,9435641799.0,3032.74,3205484048000,2735676960000,90.BK0603,板块,2026-02-06 11:17:45,2026-02-06
BK1177,荣耀概念,0.96,2111.76,2115.08,2062.44,2074.0,20.06,1.17,1.13,70.46,8471917,14824375624.0,2091.7,1219111760000,1079968512000,90.BK1177,板块,2026-02-06 11:17:45,2026-02-06
BK1084,数字哨兵,0.96,1681.09,1682.91,1654.84,1660.23,16.06,1.71,1.26,-42.47,1093540,1238913632.0,1665.03,94566811000,79794050000,90.BK1084,板块,2026-02-06 11:17:45,2026-02-06
BK0655,网络安全,0.95,5259.95,5267.51,5136.11,5171.25,49.58,1.6,1.17,25.24,28878995,58863271133.0,5210.37,4853774848000,2614040064000,90.BK0655,板块,2026-02-06 11:17:45,2026-02-06
BK1058,地下管网,0.95,1329.38,1330.66,1308.23,1312.99,12.46,1.42,1.3,36.34,6302567,5908890629.0,1316.92,431231920000,401423616000,90.BK1058,板块,2026-02-06 11:17:45,2026-02-06
BK1098,生物质能发电,0.94,1153.42,1154.33,1138.2,1141.28,10.76,1.65,1.9,25.34,3806459,2404368283.0,1142.66,258150245000,228533664000,90.BK1098,板块,2026-02-06 11:17:45,2026-02-06
BK0993,宠物经济,0.94,1024.42,1026.06,1009.93,1011.34,9.54,1.07,1.15,49.27,3129836,5016999655.0,1014.88,462228720000,402667264000,90.BK0993,板块,2026-02-06 11:17:45,2026-02-06
BK0804,深股通,0.93,1353.78,1354.98,1324.14,1331.01,12.44,1.81,1.25,42.74,362747743,659025299066.0,1341.34,42361940480000,35670268672000,90.BK0804,板块,2026-02-06 11:17:45,2026-02-06
BK0601,海工装备,0.92,2553.39,2560.39,2502.16,2504.3,23.18,2.2,1.15,33.75,23567998,42394593257.0,2530.21,2036913520000,1671536288000,90.BK0601,板块,2026-02-06 11:17:45,2026-02-06
BK1642,微利股,0.91,996.76,997.61,977.93,982.05,9.0,1.97,1.69,-286.54,17004275,24860678603.0,987.76,1230171888000,1091877472000,90.BK1642,板块,2026-02-06 11:17:42,2026-02-06
BK1152,高带宽内存,0.9,1733.36,1737.12,1700.35,1700.45,15.51,1.94,1.04,93.33,2033706,16833624709.0,1717.85,1423973888000,1250754320000,90.BK1152,板块,2026-02-06 11:17:42,2026-02-06
BK0596,融资融券,0.9,3362.37,3365.19,3297.42,3309.57,29.94,1.01,1.16,21.4,644831110,1151384863640.0,3332.43,118122291200000,94219255808000,90.BK0596,板块,2026-02-06 11:17:45,2026-02-06
BK0668,医疗器械概念,0.9,4694.01,4697.39,4628.15,4640.72,41.65,1.48,1.51,40.27,32128820,55671311424.0,4652.36,5346831104000,4686886144000,90.BK0668,板块,2026-02-06 11:17:45,2026-02-06
BK1134,算力概念,0.9,1965.74,1967.89,1918.32,1930.88,17.56,1.43,1.1,36.17,38928877,117427205209.0,1948.18,9606815488000,6826468608000,90.BK1134,板块,2026-02-06 11:17:45,2026-02-06
BK0693,基因测序,0.9,2194.54,2200.64,2167.26,2171.44,19.59,3.75,1.3,189.71,12943478,14024966601.0,2174.95,506315184000,448849888000,90.BK0693,板块,2026-02-06 11:17:45,2026-02-06
BK0704,无人机,0.89,2968.37,2971.39,2905.55,2918.4,26.3,2.17,1.19,85.67,30289674,66532325365.0,2942.07,3766624128000,3356288432000,90.BK0704,板块,2026-02-06 11:17:45,2026-02-06
BK0552,机构重仓,0.89,18740.88,18753.91,18403.8,18463.66,165.85,0.59,1.09,13.66,200698567,284177798588.0,18575.03,51169455872000,39450921728000,90.BK0552,板块,2026-02-06 11:17:45,2026-02-06
BK1095,钒电池,0.89,1515.07,1520.13,1466.76,1479.96,13.43,2.62,1.67,50.58,23578977,12063758475.0,1501.64,630600432000,575919808000,90.BK1095,板块,2026-02-06 11:17:45,2026-02-06
BK0854,华为概念,0.89,4490.16,4494.98,4390.76,4416.01,39.61,1.79,1.17,54.17,140049626,261445793108.0,4450.55,17379724288000,15198558464000,90.BK0854,板块,2026-02-06 11:17:45,2026-02-06
BK1069,智慧灯杆,0.89,1790.32,1792.12,1756.15,1768.59,15.72,2.34,1.2,-109.4,3007409,2666154115.0,1774.6,149066292000,132380224000,90.BK1069,板块,2026-02-06 11:17:45,2026-02-06
BK1024,绿色电力,0.89,1322.39,1325.82,1298.83,1301.9,11.64,0.87,1.16,18.03,39743347,34126535364.0,1310.75,5902832896000,3708725120000,90.BK1024,板块,2026-02-06 11:17:45,2026-02-06
BK0991,工程机械概念,0.88,1927.74,1930.56,1893.57,1900.29,16.89,0.74,0.84,18.9,6330008,8324982150.0,1910.85,1326561888000,1133618432000,90.BK0991,板块,2026-02-06 11:17:42,2026-02-06
BK1638,最近多板,0.88,1054.43,1055.74,1038.06,1040.74,9.2,5.31,1.46,245.5,98482781,99484031161.0,1045.23,1928416144000,1641622016000,90.BK1638,板块,2026-02-06 11:17:42,2026-02-06
BK0549,深圳特区,0.87,41049.69,41084.76,40251.11,40391.32,354.96,1.13,1.12,22.92,48951136,100498709698.0,40694.73,11183619072000,9258264576000,90.BK0549,板块,2026-02-06 11:17:45,2026-02-06
BK1124,毫米波概念,0.87,2410.54,2412.39,2362.16,2366.17,20.68,3.17,1.13,47.92,10310043,35503620583.0,2389.86,1051133568000,918182992000,90.BK1124,板块,2026-02-06 11:17:45,2026-02-06
BK1109,供销社概念,0.87,1220.63,1223.44,1197.99,1201.88,10.55,1.05,0.99,93.3,2375548,1761923069.0,1210.08,158909983000,144367727000,90.BK1109,板块,2026-02-06 11:17:45,2026-02-06
BK0907,转基因,0.86,1625.56,1633.42,1599.31,1600.49,13.9,2.16,0.69,-134.66,3695817,3271166577.0,1611.66,161024133000,121055298000,90.BK0907,板块,2026-02-06 11:17:45,2026-02-06
BK0803,股权转让,0.86,808.98,809.32,794.1,796.25,6.87,1.65,1.21,-74.43,4880947,4360865927.0,802.11,216811468000,196482615000,90.BK0803,板块,2026-02-06 11:17:45,2026-02-06
BK1190,虚拟机器人,0.84,1406.04,1407.1,1374.08,1383.44,11.68,1.55,1.22,49.49,3361675,8856552872.0,1394.36,724620112000,573601840000,90.BK1190,板块,2026-02-06 11:17:42,2026-02-06
BK0632,土地流转,0.84,1987.63,1994.95,1956.6,1960.38,16.52,2.36,1.31,-107.59,18962821,11093665988.0,1971.11,519235456000,458954992000,90.BK0632,板块,2026-02-06 11:17:45,2026-02-06
BK1014,发电机概念,0.84,1977.74,1980.4,1937.19,1949.38,16.41,1.93,1.02,-292.97,2413322,2761422925.0,1961.33,185608375000,157423933000,90.BK1014,板块,2026-02-06 11:17:45,2026-02-06
BK0577,核能核电,0.83,3084.72,3094.05,3026.42,3032.55,25.41,1.01,1.02,29.33,44117042,53762262026.0,3059.31,4773700608000,4137141888000,90.BK0577,板块,2026-02-06 11:17:45,2026-02-06
BK0861,数字孪生,0.82,1809.71,1811.48,1774.94,1784.69,14.67,1.09,1.05,24.76,9560920,15188898157.0,1795.04,1091414896000,1023536752000,90.BK0861,板块,2026-02-06 11:17:45,2026-02-06
BK0614,食品安全,0.82,8084.24,8088.84,7909.49,7963.23,65.75,1.59,1.18,94.42,4851835,6876106146.0,8018.49,469091616000,394196672000,90.BK0614,板块,2026-02-06 11:17:45,2026-02-06
BK1079,户外露营,0.81,1646.83,1648.17,1620.13,1628.35,13.27,1.36,1.07,11325.11,2330560,1960270686.0,1633.56,163374149000,140315860000,90.BK1079,板块,2026-02-06 11:17:45,2026-02-06
BK1142,裸眼3D,0.8,1352.32,1354.07,1323.78,1332.9,10.79,1.14,1.07,56.22,6121837,4300026550.0,1341.53,343005936000,318500080000,90.BK1142,板块,2026-02-06 11:17:42,2026-02-06
BK1087,超超临界发电,0.8,1540.13,1545.91,1515.61,1515.76,12.22,1.03,1.26,18.32,16377669,13357487043.0,1527.91,1317549952000,1102602576000,90.BK1087,板块,2026-02-06 11:17:45,2026-02-06
BK0898,胎压监测,0.8,2724.97,2728.41,2671.24,2682.06,21.71,1.37,1.1,42.16,2527007,5265148613.0,2703.26,393440432000,377941632000,90.BK0898,板块,2026-02-06 11:17:45,2026-02-06
BK0501,次新股,0.79,29928.13,29943.92,29479.76,29540.61,234.98,2.67,1.03,65.82,2129881,11747238711.0,29693.15,2402239296000,270515632000,90.BK0501,板块,2026-02-06 11:17:45,2026-02-06
BK0917,半导体概念,0.79,2477.47,2480.78,2425.82,2432.62,19.36,2.15,1.24,97.0,71434423,188734210678.0,2458.11,14320156928000,11080236544000,90.BK0917,板块,2026-02-06 11:17:45,2026-02-06
BK0954,盲盒经济,0.79,1550.89,1552.0,1504.71,1524.48,12.22,3.25,1.41,-183.15,2257695,3912152287.0,1538.67,144466062000,108713028000,90.BK0954,板块,2026-02-06 11:17:45,2026-02-06
BK1026,调味品概念,0.79,1091.62,1093.91,1077.15,1078.44,8.56,1.23,1.38,30.83,3934539,5362870989.0,1083.06,710437552000,526954192000,90.BK1026,板块,2026-02-06 11:17:45,2026-02-06
BK1085,痘病毒防治,0.79,943.35,945.22,932.84,933.67,7.43,1.21,1.25,279.95,3294733,5087285780.0,935.92,624167792000,564655392000,90.BK1085,板块,2026-02-06 11:17:45,2026-02-06
BK0710,量子科技,0.79,3677.22,3692.94,3611.09,3612.84,28.77,0.67,1.0,34.1,10617262,32312171041.0,3648.45,2278705760000,2109801488000,90.BK0710,板块,2026-02-06 11:17:45,2026-02-06
BK1195,2025中报预减,0.78,1161.93,1162.99,1143.01,1147.25,9.03,1.23,1.0,313.7,28672681,33074509396.0,1152.9,2468075520000,2250474896000,90.BK1195,板块,2026-02-06 11:17:42,2026-02-06
BK0982,电子车牌,0.78,1575.0,1576.28,1546.32,1552.87,12.17,1.91,1.16,-57.93,2447288,2421030552.0,1562.83,170212807000,136082112000,90.BK0982,板块,2026-02-06 11:17:45,2026-02-06
BK0971,注册制次新股,0.78,780.51,781.02,767.91,769.48,6.02,2.68,1.04,69.14,1919211,10557847660.0,774.49,2259408304000,233961397000,90.BK0971,板块,2026-02-06 11:17:45,2026-02-06
BK0722,虚拟现实,0.77,1395.95,1397.8,1365.0,1375.64,10.69,1.68,1.16,70.47,41652209,69729457678.0,1385.26,4244679984000,3935956176000,90.BK0722,板块,2026-02-06 11:17:45,2026-02-06
BK0703,超级电容,0.77,5130.18,5136.92,5028.13,5048.42,39.12,1.54,1.09,50.38,5430055,10288302258.0,5091.06,712798048000,656058624000,90.BK0703,板块,2026-02-06 11:17:45,2026-02-06
BK1047,数据安全,0.76,1242.6,1243.64,1215.08,1224.34,9.39,1.29,0.92,151.19,10897582,24169880443.0,1233.21,1291397136000,1210952768000,90.BK1047,板块,2026-02-06 11:17:45,2026-02-06
BK1050,昨日涨停_含一字,0.76,18724.39,18810.64,18541.04,18794.46,142.04,10.37,1.43,-92.4,50161527,43165360002.0,18582.35,506778416000,461430016000,90.BK1050,板块,2026-02-06 11:17:45,2026-02-06
BK0949,氦气概念,0.76,2634.72,2645.12,2569.86,2570.8,19.86,6.71,1.82,53.03,6780138,5889980228.0,2614.86,219842867000,187507909000,90.BK0949,板块,2026-02-06 11:17:45,2026-02-06
BK1180,华为海思,0.76,1889.02,1891.3,1850.51,1857.87,14.29,1.89,0.95,95.27,4494728,14725442515.0,1874.73,1020929072000,944972560000,90.BK1180,板块,2026-02-06 11:17:42,2026-02-06
BK0901,3D摄像头,0.75,1755.11,1760.3,1716.61,1730.52,13.11,1.02,1.01,32.76,1595284,5709507470.0,1742.0,673192448000,656647232000,90.BK0901,板块,2026-02-06 11:17:45,2026-02-06
BK0887,鸡肉概念,0.75,815.91,820.75,804.82,806.09,6.09,0.68,0.92,20.87,1818301,2199187912.0,809.82,367015840000,343631632000,90.BK0887,板块,2026-02-06 11:17:45,2026-02-06
BK0667,国家安防,0.75,3698.32,3701.97,3630.71,3650.48,27.39,1.32,1.07,110.24,11284556,19703713351.0,3670.93,1872304256000,1710998720000,90.BK0667,板块,2026-02-06 11:17:45,2026-02-06
BK0885,VPN,0.75,1352.05,1354.41,1311.64,1331.65,10.1,3.71,1.55,162.97,5301706,8436141238.0,1341.95,377319808000,330865664000,90.BK0885,板块,2026-02-06 11:17:45,2026-02-06
BK1057,电子纸概念,0.74,1201.76,1203.99,1181.67,1184.87,8.82,0.95,0.97,29.22,6775403,3377274141.0,1192.94,371155680000,346071152000,90.BK1057,板块,2026-02-06 11:17:45,2026-02-06
BK0579,云计算,0.74,3887.82,3892.12,3791.12,3823.83,28.72,1.59,1.13,33.69,46868695,120281182660.0,3859.1,9820798720000,7215351808000,90.BK0579,板块,2026-02-06 11:17:45,2026-02-06
BK0813,雄安新区,0.73,1118.0,1119.57,1103.31,1106.52,8.12,1.24,1.16,161.55,32643125,33783642186.0,1109.88,2664199712000,2307629920000,90.BK0813,板块,2026-02-06 11:17:45,2026-02-06
BK0567,股权激励,0.73,3945.67,3949.84,3868.11,3890.64,28.61,1.51,1.17,39.87,28505343,70983673555.0,3917.06,5608824064000,5013924096000,90.BK0567,板块,2026-02-06 11:17:45,2026-02-06
BK0712,一带一路,0.72,1780.62,1783.38,1749.49,1755.84,12.72,0.73,1.02,15.97,115739283,146280970116.0,1767.9,17311604736000,14651732736000,90.BK0712,板块,2026-02-06 11:17:45,2026-02-06
BK0590,西部大开发,0.72,3800.98,3809.13,3740.93,3749.5,27.09,1.3,1.1,35.03,103194398,171156173679.0,3773.89,13859705088000,12694821888000,90.BK0590,板块,2026-02-06 11:17:45,2026-02-06
BK0843,天然气,0.72,1833.53,1840.06,1798.45,1802.91,13.19,0.74,1.15,15.92,32563443,27090661755.0,1820.34,6024084480000,3947157200000,90.BK0843,板块,2026-02-06 11:17:45,2026-02-06
BK0628,智慧城市,0.71,6321.29,6328.29,6200.09,6234.98,44.65,1.56,1.15,101.05,28969730,45083719115.0,6276.64,2808052672000,2556993936000,90.BK0628,板块,2026-02-06 11:17:45,2026-02-06
BK1080,新型城镇化,0.71,1182.85,1183.41,1164.72,1170.16,8.33,1.44,1.26,-58.26,9686601,10049252869.0,1174.52,538265824000,461892992000,90.BK1080,板块,2026-02-06 11:17:45,2026-02-06
BK0802,无人驾驶,0.71,2336.19,2338.54,2292.07,2301.27,16.53,1.3,1.05,45.9,34097753,89503129192.0,2319.66,7221678080000,6058408960000,90.BK0802,板块,2026-02-06 11:17:45,2026-02-06
BK0597,水利建设,0.7,2228.79,2233.17,2194.84,2201.74,15.5,1.29,1.11,19.21,28225213,29941200777.0,2213.29,2336841664000,2130147632000,90.BK0597,板块,2026-02-06 11:17:45,2026-02-06
BK1108,科创板做市股,0.7,1343.99,1346.02,1314.2,1322.7,9.31,1.35,1.4,139.03,5669664,16905966089.0,1334.68,2316029200000,1583362864000,90.BK1108,板块,2026-02-06 11:17:42,2026-02-06
BK0506,创投,0.7,19597.66,19613.43,19242.69,19327.39,136.46,1.59,1.21,38.55,61375937,88660672434.0,19461.2,5640994816000,5324048384000,90.BK0506,板块,2026-02-06 11:17:45,2026-02-06
BK0945,装配建筑,0.7,1233.62,1235.58,1214.01,1218.7,8.62,0.94,0.96,45.19,19370600,14572994763.0,1225.0,1512371264000,1294458464000,90.BK0945,板块,2026-02-06 11:17:45,2026-02-06
BK0801,增强现实,0.69,1554.41,1556.85,1524.06,1532.73,10.65,1.48,1.04,100.45,6441623,13187565344.0,1543.76,911460080000,851585248000,90.BK0801,板块,2026-02-06 11:17:45,2026-02-06
BK0594,长江三角,0.69,3203.45,3206.47,3149.29,3164.68,22.09,1.37,1.21,22.5,98848203,126615387039.0,3181.36,10261293824000,8837203712000,90.BK0594,板块,2026-02-06 11:17:45,2026-02-06
BK1075,电子身份证,0.69,1366.38,1368.74,1340.79,1347.36,9.41,1.62,1.38,-738.58,3190837,6144293392.0,1356.97,387368704000,341513232000,90.BK1075,板块,2026-02-06 11:17:42,2026-02-06
BK1178,AI眼镜,0.68,2281.27,2284.83,2235.26,2247.86,15.31,1.56,1.2,54.84,16387677,43342077098.0,2265.96,3361722224000,3042439696000,90.BK1178,板块,2026-02-06 11:17:42,2026-02-06
BK0953,鸿蒙概念,0.67,1750.57,1752.08,1715.46,1726.67,11.61,1.57,1.04,37.99,14982519,25236706893.0,1738.96,2595568672000,2195575280000,90.BK0953,板块,2026-02-06 11:17:45,2026-02-06
BK0920,车联网(车路云),0.67,1713.62,1715.16,1680.51,1689.67,11.43,1.17,1.08,44.15,26428611,60605209829.0,1702.19,6316955648000,5326100480000,90.BK0920,板块,2026-02-06 11:17:45,2026-02-06
BK0970,生物识别,0.65,1875.59,1877.49,1843.13,1852.73,12.12,1.3,1.01,48.26,5976800,13175863581.0,1863.47,1176029600000,1073020592000,90.BK0970,板块,2026-02-06 11:17:42,2026-02-06
BK0935,中芯概念,0.64,2019.25,2022.98,1984.4,1985.78,12.76,1.64,1.11,111.0,8038453,37051346174.0,2006.49,3506229792000,2640019392000,90.BK0935,板块,2026-02-06 11:17:45,2026-02-06
BK0845,百度概念,0.64,2006.99,2009.28,1957.45,1976.01,12.76,2.66,1.16,146.22,46058539,69805700655.0,1994.23,3515634544000,3249758112000,90.BK0845,板块,2026-02-06 11:17:45,2026-02-06
BK0554,物联网,0.64,18304.36,18323.22,17944.45,18040.59,116.45,1.43,1.03,32.1,52600680,103678881762.0,18187.91,10212206336000,7473207552000,90.BK0554,板块,2026-02-06 11:17:45,2026-02-06
BK1149,星闪概念,0.64,1535.46,1537.1,1504.39,1515.58,9.82,1.52,1.05,173.11,2934792,7590851775.0,1525.64,604080992000,519736592000,90.BK1149,板块,2026-02-06 11:17:45,2026-02-06
BK0724,海绵城市,0.64,1148.98,1149.25,1131.54,1136.64,7.3,2.24,1.15,-1108.58,10774929,8643798519.0,1141.68,334439648000,306061536000,90.BK0724,板块,2026-02-06 11:17:45,2026-02-06
BK0568,深成500,0.63,1506.95,1509.25,1474.89,1483.61,9.37,1.35,1.17,32.69,156809364,365512109364.0,1497.58,29377496064000,25458725888000,90.BK0568,板块,2026-02-06 11:17:45,2026-02-06
BK1633,昨日高振幅,0.63,1024.67,1025.49,998.12,1001.61,6.4,3.03,1.24,63.15,171194073,269309174056.0,1018.27,7462779392000,6421843712000,90.BK1633,板块,2026-02-06 11:17:42,2026-02-06
BK0926,湖北自贸,0.63,2247.5,2251.42,2207.15,2217.07,14.01,1.9,1.33,88.13,4740108,12847753952.0,2233.49,547061136000,510980192000,90.BK0926,板块,2026-02-06 11:17:45,2026-02-06
BK0883,数字货币,0.63,2172.52,2174.16,2129.15,2142.36,13.58,1.16,1.15,-72.61,9788583,17012793681.0,2158.94,1186279120000,1133946048000,90.BK0883,板块,2026-02-06 11:17:45,2026-02-06
BK0701,中证500,0.63,2687.89,2695.34,2633.22,2647.52,16.9,1.2,1.07,37.33,134357741,261702739296.0,2670.99,19236853248000,16755001344000,90.BK0701,板块,2026-02-06 11:17:45,2026-02-06
BK0875,ETC,0.62,2050.29,2051.88,2012.1,2022.56,12.69,1.37,1.14,87.13,4534546,6857384606.0,2037.6,431369168000,399042288000,90.BK0875,板块,2026-02-06 11:17:45,2026-02-06
BK0680,智能家居,0.62,3302.68,3305.92,3244.61,3262.35,20.28,1.08,1.02,40.03,15592351,33852380312.0,3282.4,4132172384000,3642434688000,90.BK0680,板块,2026-02-06 11:17:45,2026-02-06
BK1192,雅下水电概念,0.62,1393.63,1398.92,1371.22,1376.1,8.55,0.74,0.85,16.14,16031631,15069004171.0,1385.08,2037229616000,1692520480000,90.BK1192,板块,2026-02-06 11:17:42,2026-02-06
BK0942,商汤概念,0.61,1253.52,1255.19,1233.65,1240.11,7.63,1.01,1.04,78.36,4177603,4835086277.0,1245.89,541607056000,476371104000,90.BK0942,板块,2026-02-06 11:17:45,2026-02-06
BK1022,职业教育,0.61,1525.67,1526.91,1498.23,1506.95,9.28,2.28,1.03,22.92,11834128,14317381546.0,1516.39,688891280000,647100608000,90.BK1022,板块,2026-02-06 11:17:42,2026-02-06
BK0634,大数据,0.61,6126.74,6133.02,5991.06,6040.22,37.09,1.92,1.11,64.89,65487709,117458416071.0,6089.65,6492424448000,6077935104000,90.BK0634,板块,2026-02-06 11:17:45,2026-02-06
BK0921,卫星互联网,0.6,2378.85,2386.27,2330.45,2342.55,14.24,1.18,1.05,59.63,19711145,60732130276.0,2364.61,2577863744000,2324662016000,90.BK0921,板块,2026-02-06 11:17:45,2026-02-06
BK1166,低空经济,0.6,1901.75,1903.56,1866.92,1875.95,11.43,1.84,1.18,201.2,40935577,80274467703.0,1890.32,4695800832000,4062785920000,90.BK1166,板块,2026-02-06 11:17:45,2026-02-06
BK1119,PLC概念,0.6,1663.65,1666.54,1623.27,1637.6,9.94,1.17,1.13,47.76,838694,3712770933.0,1653.71,409001552000,355193248000,90.BK1119,板块,2026-02-06 11:17:45,2026-02-06
BK0664,婴童概念,0.59,1939.5,1940.59,1916.25,1924.74,11.39,1.49,1.29,-110.34,15724014,19766040308.0,1928.11,1411098368000,1279652176000,90.BK0664,板块,2026-02-06 11:17:45,2026-02-06
BK0823,养老金,0.58,1820.88,1826.01,1789.0,1796.72,10.44,1.19,1.08,25.05,22182158,43891989018.0,1810.44,3790774688000,3281003936000,90.BK0823,板块,2026-02-06 11:17:45,2026-02-06
BK1002,激光雷达,0.58,2521.3,2525.72,2472.05,2479.58,14.5,1.49,0.9,83.09,4218972,14909721800.0,2506.8,830731344000,725617744000,90.BK1002,板块,2026-02-06 11:17:45,2026-02-06
BK1639,周期股,0.58,993.59,995.12,973.31,976.46,5.71,0.5,1.16,17.28,49080817,121578476869.0,987.88,24880176896000,19312870912000,90.BK1639,板块,2026-02-06 11:17:45,2026-02-06
BK0684,京津冀,0.58,2044.97,2052.33,2014.64,2019.19,11.82,1.62,1.22,-30.26,19015013,20266684090.0,2033.15,845828640000,728584256000,90.BK0684,板块,2026-02-06 11:17:45,2026-02-06
BK0852,冷链物流,0.57,2355.51,2359.7,2330.81,2332.22,13.45,1.21,1.2,36.05,16536122,26136923963.0,2342.06,1931732528000,1739487520000,90.BK0852,板块,2026-02-06 11:17:45,2026-02-06
BK1181,并购重组概念,0.56,1382.68,1383.61,1357.83,1364.51,7.7,1.14,1.15,60.83,13760106,25334128657.0,1374.98,2661308208000,1814569440000,90.BK1181,板块,2026-02-06 11:17:45,2026-02-06
BK1189,腾讯云,0.56,1089.56,1091.07,1059.54,1071.94,6.11,2.52,1.32,66.23,4384271,11336449725.0,1083.45,635427568000,513950816000,90.BK1189,板块,2026-02-06 11:17:45,2026-02-06
BK0490,军工,0.56,93420.6,93581.18,91751.78,92118.19,519.67,2.04,1.14,148.93,60925601,129719577817.0,92900.93,6772421376000,5992366592000,90.BK0490,板块,2026-02-06 11:17:45,2026-02-06
BK0835,独角兽,0.55,2336.47,2339.0,2289.32,2307.15,12.69,1.38,1.23,22.18,25544242,52019570377.0,2323.78,5159406848000,4468250880000,90.BK0835,板块,2026-02-06 11:17:45,2026-02-06
BK0707,沪股通,0.55,2683.6,2688.13,2640.14,2648.22,14.69,0.65,1.07,16.33,292467856,492376320705.0,2668.91,74993770496000,59575077120000,90.BK0707,板块,2026-02-06 11:17:45,2026-02-06
BK0638,创业成份,0.55,2477.68,2481.89,2421.67,2441.07,13.54,2.0,1.15,42.73,24312108,132423230530.0,2464.14,9057265920000,7735314688000,90.BK0638,板块,2026-02-06 11:17:45,2026-02-06
BK1197,反内卷概念,0.55,1163.74,1169.36,1141.84,1145.48,6.41,1.14,0.98,41.38,51984816,50599030507.0,1157.33,5397162240000,4766321152000,90.BK1197,板块,2026-02-06 11:17:42,2026-02-06
BK0706,人脑工程,0.54,6346.92,6354.78,6218.14,6274.38,33.78,1.98,1.04,63.25,8454482,15961007458.0,6313.14,1049880640000,923692688000,90.BK0706,板块,2026-02-06 11:17:45,2026-02-06
BK1631,昨日炸板,0.54,1059.41,1062.49,1031.54,1041.23,5.66,3.04,0.56,53.39,4872969,6370241044.0,1053.75,113603025000,99824219000,90.BK1631,板块,2026-02-06 11:17:42,2026-02-06
BK1059,百元股,0.54,868.77,870.16,849.55,854.84,4.63,1.54,1.07,48.52,9714774,194670631249.0,864.14,17542149120000,14283388928000,90.BK1059,板块,2026-02-06 11:17:45,2026-02-06
BK1132,MLOps概念,0.54,1244.15,1248.38,1216.41,1228.11,6.66,1.74,1.29,58.38,1131620,3205507480.0,1237.49,166004503000,162294249000,90.BK1132,板块,2026-02-06 11:17:45,2026-02-06
BK0891,国产芯片,0.53,4667.79,4674.07,4579.79,4598.11,24.63,1.79,1.09,64.54,58301100,195077871313.0,4643.16,13813996032000,11370700032000,90.BK0891,板块,2026-02-06 11:17:45,2026-02-06
BK0837,互联医疗,0.53,1168.84,1171.54,1157.64,1160.71,6.12,1.55,1.64,15.6,19575601,24930528184.0,1162.72,4815788288000,2191570608000,90.BK0837,板块,2026-02-06 11:17:45,2026-02-06
BK0886,智慧政务,0.53,1670.31,1671.99,1635.66,1650.86,8.84,1.92,1.06,-250.79,9794662,15060966518.0,1661.47,792831200000,718984496000,90.BK0886,板块,2026-02-06 11:17:45,2026-02-06
BK0867,富时罗素,0.53,1952.83,1956.96,1920.47,1928.65,10.21,0.82,1.11,17.37,374072135,648416648064.0,1942.62,75147071488000,63460177920000,90.BK0867,板块,2026-02-06 11:17:45,2026-02-06
BK0556,移动支付,0.53,14382.47,14388.94,14121.43,14201.89,76.21,1.09,1.04,19.76,10654639,15861024740.0,14306.26,3145510272000,1094355616000,90.BK0556,板块,2026-02-06 11:17:45,2026-02-06
BK0699,全息技术,0.53,3205.62,3209.01,3149.64,3171.25,16.83,0.99,0.93,-1893.39,1027593,2613595119.0,3188.79,230864367000,215560275000,90.BK0699,板块,2026-02-06 11:17:45,2026-02-06
BK0705,上证380,0.52,3094.19,3104.53,3041.45,3052.35,15.92,0.98,1.0,29.2,70432753,132545413287.0,3078.27,12267800320000,10937497088000,90.BK0705,板块,2026-02-06 11:17:45,2026-02-06
BK1135,数据要素,0.52,1361.6,1363.01,1332.65,1344.51,6.99,1.71,1.12,91.29,24017721,42479595240.0,1354.61,2244888560000,1942193808000,90.BK1135,板块,2026-02-06 11:17:42,2026-02-06
BK0963,商业航天,0.52,2808.75,2816.84,2756.61,2766.8,14.53,2.34,1.21,72.1,57894208,146257642074.0,2794.22,6180190976000,5402139904000,90.BK0963,板块,2026-02-06 11:17:45,2026-02-06
BK0974,化妆品概念,0.51,1412.37,1415.03,1392.64,1399.23,7.16,1.61,1.44,52.2,5566562,9841314771.0,1405.21,735212912000,642132848000,90.BK0974,板块,2026-02-06 11:17:45,2026-02-06
BK1143,空间计算,0.51,1543.14,1544.31,1510.42,1525.6,7.85,1.95,1.17,-288.88,2221309,3922128434.0,1535.29,162073835000,135564601000,90.BK1143,板块,2026-02-06 11:17:45,2026-02-06
BK0834,乡村振兴,0.51,1778.67,1780.97,1754.35,1760.54,9.04,1.51,1.04,37.58,24326852,20400716142.0,1769.63,1762870128000,1444875200000,90.BK0834,板块,2026-02-06 11:17:45,2026-02-06
BK0841,体外诊断,0.51,1457.79,1459.94,1444.96,1446.69,7.39,1.2,1.27,57.17,4635241,7173378142.0,1450.4,893944464000,843960672000,90.BK0841,板块,2026-02-06 11:17:45,2026-02-06
BK1104,信创,0.5,2116.75,2119.03,2074.54,2090.48,10.46,1.87,1.11,428.47,28517665,64996929173.0,2106.29,4370152448000,3964973520000,90.BK1104,板块,2026-02-06 11:17:45,2026-02-06
BK1182,智谱AI,0.5,1406.38,1408.73,1370.44,1385.34,6.98,3.36,1.02,118.52,8409407,16249897672.0,1399.4,511630176000,454039040000,90.BK1182,板块,2026-02-06 11:17:42,2026-02-06
BK0879,标准普尔,0.5,1868.49,1873.14,1839.34,1846.04,9.29,0.75,1.12,15.5,329301995,480024796245.0,1859.2,67356883456000,56761056512000,90.BK0879,板块,2026-02-06 11:17:45,2026-02-06
BK0721,PPP模式,0.49,865.11,866.47,853.98,856.24,4.24,0.88,0.98,21.64,28768783,21032206077.0,860.87,2413215872000,2140149168000,90.BK0721,板块,2026-02-06 11:17:45,2026-02-06
BK0882,猪肉概念,0.48,1341.02,1345.04,1328.74,1329.4,6.35,0.79,0.72,17.52,4095580,4342253187.0,1334.67,820112128000,706988224000,90.BK0882,板块,2026-02-06 11:17:45,2026-02-06
BK0534,成渝特区,0.48,24028.4,24075.36,23725.88,23782.53,115.97,0.97,0.99,54.59,14959973,21328866106.0,23912.43,2459707168000,2242744736000,90.BK0534,板块,2026-02-06 11:17:45,2026-02-06
BK1125,电子后视镜,0.47,1779.89,1781.3,1750.74,1759.15,8.26,1.24,1.29,158.92,2054974,3143385484.0,1771.63,364973328000,318320048000,90.BK1125,板块,2026-02-06 11:17:42,2026-02-06
BK0818,可燃冰,0.46,1811.91,1823.57,1772.03,1780.52,8.24,1.4,0.95,21.68,4175412,2312863707.0,1803.67,269046016000,188004734000,90.BK0818,板块,2026-02-06 11:17:45,2026-02-06
BK1086,粮食概念,0.46,860.04,863.55,848.44,849.93,3.9,2.11,0.73,32.01,6501289,4903346690.0,856.14,256983662000,221756152000,90.BK1086,板块,2026-02-06 11:17:45,2026-02-06
BK1013,华为欧拉,0.46,1496.84,1498.5,1468.95,1481.03,6.81,1.09,0.96,570.59,738804,2216286131.0,1490.03,234628711000,211049508000,90.BK1013,板块,2026-02-06 11:17:45,2026-02-06
BK0995,华为昇腾,0.46,1759.55,1761.05,1722.77,1736.61,7.97,1.61,1.12,-3542.73,4758170,8772318660.0,1751.58,619831168000,557241440000,90.BK0995,板块,2026-02-06 11:17:45,2026-02-06
BK0952,第三代半导体,0.45,2139.14,2141.61,2096.36,2106.27,9.52,3.18,1.19,152.2,26066562,59255767164.0,2129.62,2653564800000,2393808560000,90.BK0952,板块,2026-02-06 11:17:45,2026-02-06
BK0800,人工智能,0.45,2017.46,2019.53,1978.32,1993.7,8.94,1.49,1.12,60.23,102174076,191674464456.0,2008.52,14381341696000,12956306176000,90.BK0800,板块,2026-02-06 11:17:45,2026-02-06
BK1009,元宇宙概念,0.44,2564.34,2567.55,2503.43,2531.62,11.27,2.5,1.18,32.31,38879246,64355428527.0,2553.07,4681039616000,2474241264000,90.BK1009,板块,2026-02-06 11:17:42,2026-02-06
BK0914,医废处理,0.44,1398.79,1402.11,1380.56,1385.18,6.12,0.98,1.0,66.86,2948630,2435029290.0,1392.67,232777369000,207258974000,90.BK0914,板块,2026-02-06 11:17:45,2026-02-06
BK1053,低价股,0.44,1244.23,1247.42,1231.27,1234.84,5.45,0.97,1.07,-10.45,57209421,13085448231.0,1238.78,1559358432000,1343611648000,90.BK1053,板块,2026-02-06 11:17:45,2026-02-06
BK0967,水产养殖,0.44,1045.64,1048.77,1032.2,1036.25,4.53,1.79,0.7,-72.32,3259121,2727810984.0,1041.11,248905539000,243194805000,90.BK0967,板块,2026-02-06 11:17:45,2026-02-06
BK1077,统一大市场,0.44,1461.98,1463.42,1444.22,1447.14,6.38,1.05,1.06,31.87,7550924,5153246601.0,1455.6,437651248000,388168208000,90.BK1077,板块,2026-02-06 11:17:45,2026-02-06
BK0696,国产软件,0.44,4027.66,4032.0,3950.54,3980.78,17.74,1.83,1.09,244.18,27238779,54832373257.0,4009.92,3575837072000,3185429344000,90.BK0696,板块,2026-02-06 11:17:45,2026-02-06
BK0643,上海自贸,0.44,3922.22,3926.59,3860.37,3881.18,17.12,0.41,1.04,36.61,2760464,6160307825.0,3905.1,1017570912000,822863520000,90.BK0643,板块,2026-02-06 11:17:45,2026-02-06
BK0623,海洋经济,0.44,3779.25,3793.13,3708.5,3726.02,16.73,1.82,1.24,23.86,27492693,42891914333.0,3762.52,2158851440000,1868028992000,90.BK0623,板块,2026-02-06 11:17:45,2026-02-06
BK0525,参股银行,0.44,13206.78,13228.39,13029.65,13070.07,58.32,0.58,1.05,12.51,51762857,59548627092.0,13148.46,12647081984000,10441368576000,90.BK0525,板块,2026-02-06 11:17:45,2026-02-06
BK1061,数字经济,0.43,1493.75,1495.12,1464.52,1475.76,6.43,1.62,1.17,-113.36,23856854,35745207005.0,1487.32,2090630096000,1919962240000,90.BK1061,板块,2026-02-06 11:17:45,2026-02-06
BK0902,MiniLED,0.43,2387.68,2390.8,2336.65,2354.87,10.19,1.43,1.15,60.04,15587469,22761254847.0,2377.49,1309044144000,1170344064000,90.BK0902,板块,2026-02-06 11:17:45,2026-02-06
BK1101,Chiplet概念,0.43,2452.92,2458.02,2391.53,2405.87,10.42,2.31,0.86,160.06,3588302,19234669499.0,2442.5,1117152464000,1081772368000,90.BK1101,板块,2026-02-06 11:17:45,2026-02-06
BK0937,蚂蚁概念,0.42,887.83,888.39,871.54,877.67,3.73,0.88,1.73,11.14,27065580,28395289935.0,884.1,6346509824000,5247234816000,90.BK0937,板块,2026-02-06 11:17:45,2026-02-06
BK0806,精准医疗,0.41,1197.68,1201.94,1188.94,1189.63,4.94,2.01,1.55,69.37,6725428,8335128625.0,1192.74,620017136000,524316576000,90.BK0806,板块,2026-02-06 11:17:45,2026-02-06
BK1074,托育服务,0.41,996.33,998.01,973.44,984.74,4.09,3.08,1.23,49.65,1204131,1024045204.0,992.24,40224742000,38409124000,90.BK1074,板块,2026-02-06 11:17:45,2026-02-06
BK1183,谷子经济,0.41,1287.62,1289.06,1257.97,1274.87,5.26,2.61,1.29,1199.87,16717318,19960464756.0,1282.36,720600992000,651341360000,90.BK1183,板块,2026-02-06 11:17:45,2026-02-06
BK1170,AI制药（医疗）,0.41,1497.48,1498.93,1477.25,1486.06,6.05,2.27,1.32,97.94,8894702,12076619894.0,1491.43,733138496000,655956608000,90.BK1170,板块,2026-02-06 11:17:42,2026-02-06
BK0890,MLCC,0.4,3317.6,3322.44,3254.44,3263.55,13.3,2.83,1.33,68.31,2418187,11921614865.0,3304.3,387193424000,350631808000,90.BK0890,板块,2026-02-06 11:17:45,2026-02-06
BK1007,植物照明,0.4,1236.35,1238.08,1215.67,1224.5,4.87,2.22,1.44,107.35,3097099,4180485588.0,1231.48,192009982000,171459980000,90.BK1007,板块,2026-02-06 11:17:45,2026-02-06
BK1637,东方财富热股,0.4,1020.58,1022.06,998.49,1004.66,4.08,5.15,1.31,42.83,136974978,207339001197.0,1016.5,7705875968000,7265856512000,90.BK1637,板块,2026-02-06 11:17:42,2026-02-06
BK0683,央国企改革,0.39,5400.53,5413.29,5323.45,5343.51,20.92,0.74,1.07,17.08,290060457,372333366976.0,5379.61,53931279616000,41434132480000,90.BK0683,板块,2026-02-06 11:17:45,2026-02-06
BK1073,啤酒概念,0.39,1366.41,1368.92,1356.19,1357.28,5.26,1.97,1.68,23.79,3640870,3962227452.0,1361.15,286010352000,237177014000,90.BK1073,板块,2026-02-06 11:17:42,2026-02-06
BK0604,参股保险,0.38,2963.33,2969.1,2921.53,2931.4,11.08,0.48,1.12,10.68,31774159,26256340047.0,2952.25,6506152448000,5496360448000,90.BK0604,板块,2026-02-06 11:17:45,2026-02-06
BK0511,ST股,0.38,7486.58,7487.22,7437.83,7437.83,28.42,1.14,1.34,-9.1,14269748,8070060288.0,7458.16,831573456000,674798784000,90.BK0511,板块,2026-02-06 11:17:45,2026-02-06
BK0859,超清视频,0.37,2303.1,2305.85,2258.88,2276.81,8.5,1.35,1.07,53.29,22241864,38746825290.0,2294.6,2832024384000,2523735456000,90.BK0859,板块,2026-02-06 11:17:45,2026-02-06
BK0498,AB股,0.36,12682.24,12711.48,12535.03,12586.43,45.87,0.77,1.01,83.88,13087428,9098597714.0,12636.37,1398997680000,1126096960000,90.BK0498,板块,2026-02-06 11:17:45,2026-02-06
BK1115,跨境电商,0.36,1761.28,1762.33,1733.27,1744.09,6.26,1.71,1.24,38.44,22261689,29015220795.0,1755.02,1820730656000,1524127712000,90.BK1115,板块,2026-02-06 11:17:42,2026-02-06
BK1193,海南自贸,0.36,1183.38,1185.52,1166.23,1170.92,4.21,1.58,1.21,-1428.06,26486401,25640745003.0,1179.17,1383399664000,1269716976000,90.BK1193,板块,2026-02-06 11:17:42,2026-02-06
BK0509,网络游戏,0.36,15584.79,15603.48,15177.42,15394.3,56.44,2.38,1.13,87.81,21074989,29990501153.0,15528.35,1329239408000,1252444816000,90.BK0509,板块,2026-02-06 11:17:45,2026-02-06
BK1121,第四代半导体,0.34,2285.66,2300.46,2239.27,2250.68,7.79,1.47,0.95,95.28,2161164,3474611714.0,2277.87,189277746000,173796435000,90.BK1121,板块,2026-02-06 11:17:42,2026-02-06
BK0808,军民融合,0.34,2350.4,2356.27,2310.8,2322.47,7.86,2.22,1.21,105.07,37969097,78592319723.0,2342.54,3939958304000,3703226784000,90.BK0808,板块,2026-02-06 11:17:45,2026-02-06
BK0830,区块链,0.34,1281.56,1282.6,1257.53,1267.68,4.3,0.92,1.12,14.76,60917325,92442757350.0,1277.26,9825862144000,8314335232000,90.BK0830,板块,2026-02-06 11:17:45,2026-02-06
BK1188,DeepSeek概念,0.34,1464.91,1466.41,1435.06,1448.76,4.97,1.86,1.1,89.39,38089669,69391882108.0,1459.94,4534664192000,4048605520000,90.BK1188,板块,2026-02-06 11:17:42,2026-02-06
BK0697,IPO受益,0.34,3666.96,3676.46,3610.92,3632.94,12.54,0.86,1.13,13.05,11195998,15824838428.0,3654.42,2685320432000,2137643392000,90.BK0697,板块,2026-02-06 11:17:45,2026-02-06
BK0839,知识产权,0.33,2289.24,2292.17,2233.42,2262.15,7.63,2.28,1.08,191.56,6066467,8365732601.0,2281.61,405717200000,359572880000,90.BK0839,板块,2026-02-06 11:17:45,2026-02-06
BK0838,东北振兴,0.33,1271.9,1275.3,1257.44,1261.84,4.21,0.92,1.01,31.82,7740352,7021191136.0,1267.69,782483840000,766355744000,90.BK0838,板块,2026-02-06 11:17:45,2026-02-06
BK0580,LED,0.33,4681.16,4687.0,4604.91,4627.72,15.59,1.5,1.11,75.48,16157042,32855006151.0,4665.57,1883838848000,1754435808000,90.BK0580,板块,2026-02-06 11:17:45,2026-02-06
BK0821,MSCI中国,0.33,1537.55,1539.87,1512.06,1518.39,5.0,0.52,1.0,15.65,203368360,479585980468.0,1532.55,78397612032000,62078912256000,90.BK0821,板块,2026-02-06 11:17:45,2026-02-06
BK1137,存储芯片,0.32,2358.87,2363.3,2309.79,2323.42,7.5,2.3,0.85,173.74,13885371,58389762942.0,2351.37,3563917376000,2962065024000,90.BK1137,板块,2026-02-06 11:17:42,2026-02-06
BK0977,碳化硅,0.32,2028.06,2030.06,1994.15,1999.2,6.56,1.79,1.03,79.07,7226555,21716547125.0,2021.5,1228246448000,1053481552000,90.BK0977,板块,2026-02-06 11:17:45,2026-02-06
BK0822,租售同权,0.31,819.14,821.79,811.44,811.99,2.56,1.4,1.08,-7.07,6978611,3721351303.0,816.58,408516368000,381854704000,90.BK0822,板块,2026-02-06 11:17:45,2026-02-06
BK0653,养老概念,0.3,3120.76,3127.62,3092.36,3106.46,9.33,1.37,1.43,17.32,24587058,26511378597.0,3111.43,3408562112000,2541938304000,90.BK0653,板块,2026-02-06 11:17:45,2026-02-06
BK1176,财税数字化,0.3,2054.79,2056.98,2011.38,2034.03,6.24,1.64,1.01,-257.87,4559429,9357358757.0,2048.55,554419408000,509423584000,90.BK1176,板块,2026-02-06 11:17:42,2026-02-06
BK0708,体育产业,0.29,1649.68,1650.98,1624.05,1636.29,4.76,1.42,1.12,36.55,10743500,11613969912.0,1644.92,900603808000,712276688000,90.BK0708,板块,2026-02-06 11:17:45,2026-02-06
BK1640,价值股,0.28,999.92,1004.51,988.99,991.09,2.84,0.44,1.14,9.84,30665061,35859414415.0,997.08,10032363264000,7733868800000,90.BK1640,板块,2026-02-06 11:17:42,2026-02-06
BK0629,北斗导航,0.27,8228.92,8245.35,8088.17,8138.79,22.4,1.96,1.11,-770.57,13258548,28731424433.0,8206.52,1364618464000,1261810768000,90.BK0629,板块,2026-02-06 11:17:45,2026-02-06
BK1179,房屋检测,0.27,1600.81,1603.53,1578.18,1587.52,4.24,1.28,0.88,68.48,3936090,3635883727.0,1596.57,301214032000,261874104000,90.BK1179,板块,2026-02-06 11:17:42,2026-02-06
BK0947,屏下摄像,0.26,1004.81,1006.35,989.03,994.36,2.57,0.93,0.93,41.6,6252122,4294241236.0,1002.24,529817872000,483202480000,90.BK0947,板块,2026-02-06 11:17:45,2026-02-06
BK1133,ERP概念,0.26,1506.12,1508.25,1475.52,1491.91,3.86,1.79,0.99,109.11,2479561,4702409714.0,1502.26,306620512000,262576872000,90.BK1133,板块,2026-02-06 11:17:42,2026-02-06
BK0969,汽车芯片,0.24,1554.91,1558.48,1526.61,1534.66,3.67,1.62,1.06,355.59,8763673,30326662583.0,1551.24,1971345712000,1825139088000,90.BK0969,板块,2026-02-06 11:17:45,2026-02-06
BK0850,进口博览,0.24,1096.44,1099.66,1087.17,1089.57,2.6,0.56,1.1,-52.87,2542223,1645867831.0,1093.84,301632176000,264280452000,90.BK0850,板块,2026-02-06 11:17:45,2026-02-06
BK0671,彩票概念,0.23,3157.14,3158.99,3094.62,3122.97,7.19,1.54,1.15,56.38,3694100,3607835465.0,3149.95,218451918000,214002902000,90.BK0671,板块,2026-02-06 11:17:45,2026-02-06
BK1054,DRG/DIP,0.22,1256.55,1258.41,1236.59,1245.09,2.71,1.34,0.99,-99.36,1921285,2476877181.0,1253.84,179009453000,165139734000,90.BK1054,板块,2026-02-06 11:17:42,2026-02-06
BK0980,化债(AMC)概念,0.21,1254.87,1257.61,1238.63,1242.87,2.69,0.84,0.94,24.45,11104312,10581294084.0,1252.18,1138824944000,1063056192000,90.BK0980,板块,2026-02-06 11:17:45,2026-02-06
BK0815,昨日涨停,0.21,34258.86,34379.85,33892.46,34359.62,72.69,10.4,1.42,-136.82,47380456,41515971493.0,34186.17,487119392000,442890704000,90.BK0815,板块,2026-02-06 11:17:45,2026-02-06
BK0928,抖音小店,0.2,1460.21,1461.41,1435.53,1451.24,2.89,1.45,1.31,416.41,7630098,5876143410.0,1457.32,266755786000,245697484000,90.BK0928,板块,2026-02-06 11:17:45,2026-02-06
BK1630,昨日首板,0.19,1082.24,1090.33,1068.48,1086.85,2.09,2.11,1.11,-607.06,22804629,23289349443.0,1080.15,314262128000,294611632000,90.BK1630,板块,2026-02-06 11:17:45,2026-02-06
BK0689,阿里概念,0.19,3063.92,3067.25,2998.83,3030.72,5.66,1.66,1.1,47.58,41606698,78656785414.0,3058.26,5149353216000,4671187968000,90.BK0689,板块,2026-02-06 11:17:45,2026-02-06
BK0976,被动元件,0.19,1837.71,1840.93,1806.97,1815.65,3.5,2.3,1.14,50.56,3379544,14309687564.0,1834.21,574209888000,522597648000,90.BK0976,板块,2026-02-06 11:17:45,2026-02-06
BK0665,电商概念,0.18,2550.5,2551.95,2517.18,2532.46,4.57,1.64,1.35,32.63,59375117,77662688901.0,2545.93,6863496960000,6128512256000,90.BK0665,板块,2026-02-06 11:17:45,2026-02-06
BK1071,跨境支付,0.18,1835.21,1836.46,1808.09,1821.91,3.36,0.19,1.08,7.34,19734117,21838140607.0,1831.85,12654643968000,8289898752000,90.BK1071,板块,2026-02-06 11:17:45,2026-02-06
BK1126,ChatGPT概念,0.18,2335.05,2338.75,2273.29,2307.88,4.3,2.69,1.14,338.68,17622953,35384541796.0,2330.75,1410212144000,1246021920000,90.BK1126,板块,2026-02-06 11:17:45,2026-02-06
BK0743,深证100R,0.17,1360.86,1362.42,1340.01,1346.01,2.33,0.62,1.02,25.62,28904282,127084256312.0,1358.53,16294186240000,14084013824000,90.BK0743,板块,2026-02-06 11:17:45,2026-02-06
BK0892,乳业,0.17,1219.74,1224.17,1209.6,1212.4,2.13,1.05,0.83,23.49,3169637,3594834127.0,1217.61,456830144000,431495664000,90.BK0892,板块,2026-02-06 11:17:45,2026-02-06
BK0662,在线教育,0.16,2387.67,2390.24,2342.95,2366.53,3.92,2.26,1.16,79.38,24314088,38375153173.0,2383.75,1662839808000,1500029712000,90.BK0662,板块,2026-02-06 11:17:45,2026-02-06
BK1000,宁组合,0.16,675.29,676.56,662.99,665.96,1.06,1.4,1.43,30.68,6656143,36303799066.0,674.23,5131308544000,4291263792000,90.BK1000,板块,2026-02-06 11:17:45,2026-02-06
BK0853,电子竞技,0.16,1637.67,1638.91,1601.96,1622.62,2.59,1.42,1.08,18.09,14528294,15595824694.0,1635.08,2946346512000,929564192000,90.BK0853,板块,2026-02-06 11:17:45,2026-02-06
BK0499,AH股,0.14,9709.22,9727.35,9583.18,9608.19,13.13,0.28,0.95,12.05,63675052,122452109364.0,9696.09,42316757504000,27215520512000,90.BK0499,板块,2026-02-06 11:17:45,2026-02-06
BK0514,参股券商,0.12,16383.95,16428.02,16222.91,16267.24,20.23,0.88,1.04,14.07,28079410,32159261330.0,16363.72,4499830016000,3686006624000,90.BK0514,板块,2026-02-06 11:17:45,2026-02-06
BK0912,远程办公,0.12,1761.23,1763.56,1720.17,1744.85,2.17,2.33,1.25,124.46,7766848,12084908270.0,1759.06,804238208000,712644960000,90.BK0912,板块,2026-02-06 11:17:45,2026-02-06
BK1111,AIGC概念,0.11,2490.14,2493.84,2424.0,2461.95,2.73,3.55,1.15,98.97,47273512,75360253661.0,2487.41,2736816432000,2415977440000,90.BK1111,板块,2026-02-06 11:17:45,2026-02-06
BK0957,拼多多概念,0.1,1962.97,1965.6,1910.95,1942.99,1.99,2.69,1.25,339.42,4433015,8379559504.0,1960.98,247039913000,205892594000,90.BK0957,板块,2026-02-06 11:17:45,2026-02-06
BK0677,粤港自贸,0.1,3617.87,3623.67,3576.85,3593.11,3.69,1.14,1.06,22.34,11639770,9699415820.0,3614.18,1131340672000,972362064000,90.BK0677,板块,2026-02-06 11:17:45,2026-02-06
BK0847,影视概念,0.1,1146.43,1147.95,1119.28,1139.6,1.11,2.66,1.41,-5716.96,19965688,19388005121.0,1145.32,719235696000,651180944000,90.BK0847,板块,2026-02-06 11:17:45,2026-02-06
BK0994,空间站概念,0.1,2836.96,2854.32,2795.25,2809.99,2.71,3.49,1.08,375.94,4771666,12385706213.0,2834.25,412695040000,382235696000,90.BK0994,板块,2026-02-06 11:17:45,2026-02-06
BK0637,互联金融,0.09,5697.57,5709.25,5633.09,5658.61,5.24,0.33,1.03,8.58,54030484,60337946264.0,5692.33,20872929536000,15023449344000,90.BK0637,板块,2026-02-06 11:17:45,2026-02-06
BK0656,智能电视,0.08,1421.81,1423.77,1391.52,1407.39,1.07,1.41,0.98,42.85,3831789,3548342406.0,1420.74,315737888000,295291328000,90.BK0656,板块,2026-02-06 11:17:45,2026-02-06
BK1187,小红书概念,0.07,1539.94,1541.06,1500.53,1522.45,1.08,4.91,1.19,252.6,26407947,34096122103.0,1538.86,690323600000,630272128000,90.BK1187,板块,2026-02-06 11:17:42,2026-02-06
BK0809,AI智能体,0.07,1384.26,1385.82,1354.91,1371.19,0.91,3.09,1.2,147.12,40914473,58929428471.0,1383.35,2109952560000,1920189136000,90.BK0809,板块,2026-02-06 11:17:45,2026-02-06
BK1127,AI芯片,0.07,1842.02,1845.55,1803.86,1822.77,1.25,1.94,1.01,255.46,7950206,27656330547.0,1840.77,2470940192000,1931112912000,90.BK1127,板块,2026-02-06 11:17:42,2026-02-06
BK0807,共享经济,0.06,993.63,994.43,981.34,988.24,0.59,0.92,1.14,47.82,1866656,2059254582.0,993.04,257540949000,238387014000,90.BK0807,板块,2026-02-06 11:17:45,2026-02-06
BK1048,IGBT概念,0.05,1034.22,1035.68,1020.05,1021.8,0.52,2.33,1.22,33.04,15208083,21322148785.0,1033.7,2060310560000,1466797360000,90.BK1048,板块,2026-02-06 11:17:45,2026-02-06
BK1055,虚拟数字人,0.05,1568.43,1570.95,1529.52,1550.05,0.84,4.54,1.25,24.24,39521246,57238874862.0,1567.59,3509565984000,1413287152000,90.BK1055,板块,2026-02-06 11:17:45,2026-02-06
BK1139,中特估,0.05,1255.84,1259.76,1242.07,1245.75,0.6,0.21,0.9,9.87,42073100,51636695189.0,1255.24,25142358528000,15872997120000,90.BK1139,板块,2026-02-06 11:17:42,2026-02-06
BK0685,举牌,0.04,3118.66,3139.46,3092.2,3108.12,1.11,0.19,1.01,13.06,208847,249966119.0,3117.55,119703999000,118766175000,90.BK0685,板块,2026-02-06 11:17:45,2026-02-06
BK0948,MicroLED,0.04,1301.49,1303.43,1276.62,1289.05,0.47,1.5,1.18,117.7,11366486,9840684909.0,1301.02,561455408000,509873952000,90.BK0948,板块,2026-02-06 11:17:45,2026-02-06
BK1130,时空大数据,0.02,1788.43,1794.31,1751.67,1769.02,0.42,2.74,1.18,350.26,4265278,9467339586.0,1788.01,387065040000,347734128000,90.BK1130,板块,2026-02-06 11:17:45,2026-02-06
BK0500,HS300_,0.02,12624.16,12642.53,12469.25,12513.68,2.23,0.36,0.96,14.08,119768192,305930995952.0,12621.93,67261926656000,51912370432000,90.BK0500,板块,2026-02-06 11:17:45,2026-02-06
BK1629,AI应用,0.0,949.96,951.16,928.29,940.71,-0.01,2.46,1.11,79.39,43545696,80277118581.0,949.97,4046183008000,3582422784000,90.BK1629,板块,2026-02-06 11:17:42,2026-02-06
BK1147,SPD概念,0.0,1201.8,1214.71,1193.45,1204.32,0.02,2.95,2.97,73.91,2495981,2229246536.0,1201.78,107397907000,82111827000,90.BK1147,板块,2026-02-06 11:17:42,2026-02-06
BK0672,沪企改革,0.0,3061.82,3068.69,3034.36,3047.14,-0.13,0.52,1.02,24.71,4834856,4968797853.0,3061.95,976767552000,878831984000,90.BK0672,板块,2026-02-06 11:17:45,2026-02-06
BK0814,大飞机,0.0,2123.01,2129.95,2088.23,2101.63,-0.08,1.68,1.11,91.81,19861079,38442154164.0,2123.09,2537004336000,2157887776000,90.BK0814,板块,2026-02-06 11:17:45,2026-02-06
BK1112,破净股,-0.01,1569.69,1576.67,1558.09,1564.01,-0.22,0.35,0.94,8.48,79743358,45931670797.0,1569.91,20546156544000,15242818560000,90.BK1112,板块,2026-02-06 11:17:42,2026-02-06
BK1025,预制菜概念,-0.01,1258.71,1261.1,1245.79,1253.01,-0.11,1.63,1.31,68.48,11063261,8373191336.0,1258.82,690136384000,510786176000,90.BK1025,板块,2026-02-06 11:17:45,2026-02-06
BK0946,EDA概念,-0.01,1549.3,1552.02,1524.39,1538.02,-0.22,1.2,0.93,-37.38,1164945,3749449168.0,1549.52,270857344000,251831697000,90.BK0946,板块,2026-02-06 11:17:45,2026-02-06
BK0940,网红经济,-0.02,860.41,861.06,844.5,852.87,-0.19,2.84,1.24,63.25,45177509,54484144094.0,860.6,1907394000000,1677119536000,90.BK0940,板块,2026-02-06 11:17:45,2026-02-06
BK1118,数据确权,-0.03,1727.04,1729.03,1689.39,1711.1,-0.5,2.76,1.16,-95.37,5663936,7587382916.0,1727.54,299085040000,285382960000,90.BK1118,板块,2026-02-06 11:17:42,2026-02-06
BK1635,长期破净,-0.04,1021.31,1025.93,1014.02,1017.46,-0.43,0.41,1.0,8.53,62029160,32701478615.0,1021.74,13860918784000,9200445952000,90.BK1635,板块,2026-02-06 11:17:45,2026-02-06
BK0959,数字阅读,-0.04,1695.26,1699.07,1663.63,1684.3,-0.68,1.09,1.1,38.32,2037468,2861692092.0,1695.94,201889492000,183305618000,90.BK0959,板块,2026-02-06 11:17:45,2026-02-06
BK0997,NFT概念,-0.04,2031.81,2033.84,1984.13,2011.8,-0.84,3.13,1.2,-95.93,20007736,25208335556.0,2032.65,721093904000,676640800000,90.BK0997,板块,2026-02-06 11:17:42,2026-02-06
BK0524,参股期货,-0.04,34653.8,34768.41,34221.75,34374.77,-14.04,0.66,1.0,12.47,12050354,14371030810.0,34667.84,3348193680000,2745093056000,90.BK0524,板块,2026-02-06 11:17:45,2026-02-06
BK0636,B股,-0.04,941.88,942.9,937.28,940.63,-0.34,0.14,1.39,33.02,356630,59312432.0,942.22,680781312000,111843857000,90.BK0636,板块,2026-02-06 11:17:45,2026-02-06
BK0505,中字头,-0.05,9895.35,9927.12,9772.57,9817.54,-5.16,0.31,0.86,12.45,34093010,43067236069.0,9900.51,16613777408000,10669415424000,90.BK0505,板块,2026-02-06 11:17:45,2026-02-06
BK0718,证金持股,-0.05,1533.19,1537.54,1520.41,1525.96,-0.72,0.31,0.91,11.06,77668485,116589341481.0,1533.91,38906072064000,30627730688000,90.BK0718,板块,2026-02-06 11:17:45,2026-02-06
BK1153,多模态AI,-0.06,1460.86,1462.95,1430.16,1448.14,-0.81,2.3,1.04,131.64,11201755,24486583366.0,1461.67,1183564752000,1037895680000,90.BK1153,板块,2026-02-06 11:17:45,2026-02-06
BK0610,央视50_,-0.07,2541.58,2548.27,2526.73,2535.06,-1.71,0.21,0.99,9.88,15317498,47781805053.0,2543.29,16597642240000,11776988672000,90.BK0610,板块,2026-02-06 11:17:45,2026-02-06
BK0923,抖音概念(字节概念),-0.1,1728.24,1730.56,1684.11,1709.37,-1.66,4.75,1.19,182.18,38777743,57764445668.0,1729.9,1906624816000,1790771120000,90.BK0923,板块,2026-02-06 11:17:45,2026-02-06
BK1641,红利股,-0.1,998.21,1002.45,990.5,993.78,-0.95,0.19,1.06,8.3,29652379,28645244981.0,999.16,18971754752000,13440296448000,90.BK1641,板块,2026-02-06 11:17:45,2026-02-06
BK0904,广电,-0.11,1904.92,1908.3,1865.51,1889.32,-2.16,1.98,1.22,-173.51,6227646,4859767589.0,1907.08,273920560000,257744144000,90.BK0904,板块,2026-02-06 11:17:45,2026-02-06
BK0612,上证180_,-0.12,1775.28,1778.97,1758.71,1764.32,-2.12,0.28,0.91,12.05,76726687,159580266090.0,1777.4,49714955008000,36818254592000,90.BK0612,板块,2026-02-06 11:17:45,2026-02-06
BK0711,券商概念,-0.19,1211.81,1217.37,1204.62,1207.14,-2.28,0.46,0.9,17.99,13066917,18027019527.0,1214.09,4279866048000,3615513344000,90.BK0711,板块,2026-02-06 11:17:45,2026-02-06
BK1159,Sora概念,-0.23,2060.43,2064.49,1995.85,2037.95,-4.75,4.62,1.08,-179.58,14821594,26346382817.0,2065.18,545632064000,517974208000,90.BK1159,板块,2026-02-06 11:17:42,2026-02-06
BK1110,Web3.0,-0.26,2233.06,2236.34,2177.87,2208.8,-5.85,4.63,1.34,-96.29,20086307,32875353761.0,2238.91,612099840000,578937392000,90.BK1110,板块,2026-02-06 11:17:42,2026-02-06
BK1001,内贸流通,-0.26,1476.48,1477.48,1461.99,1472.59,-3.84,1.64,1.36,43.48,29669718,26788775173.0,1480.32,1545604928000,1438030224000,90.BK1001,板块,2026-02-06 11:17:42,2026-02-06
BK0825,新零售,-0.28,1159.03,1159.47,1146.4,1156.4,-3.27,1.47,1.36,25.94,31156519,30028571320.0,1162.3,2600850848000,2422780512000,90.BK0825,板块,2026-02-06 11:17:45,2026-02-06
BK0992,REITs概念,-0.28,870.38,873.31,864.87,868.25,-2.46,0.78,0.94,-33.22,6696616,4861759287.0,872.84,778699568000,725898080000,90.BK0992,板块,2026-02-06 11:17:45,2026-02-06
BK0924,地摊经济,-0.28,2268.46,2270.9,2242.88,2267.89,-6.45,1.52,1.34,30.21,6094353,5657580764.0,2274.91,575628160000,523626128000,90.BK0924,板块,2026-02-06 11:17:45,2026-02-06
BK0916,氮化镓,-0.3,1895.04,1898.2,1861.05,1879.02,-5.69,2.27,1.14,101.29,9114430,23192861958.0,1900.73,1338046912000,1267042496000,90.BK0916,板块,2026-02-06 11:17:45,2026-02-06
BK0611,上证50_,-0.3,2164.54,2168.77,2146.06,2153.6,-6.61,0.17,0.92,11.57,28004291,80490737162.0,2171.15,28545027328000,23010619904000,90.BK0611,板块,2026-02-06 11:17:45,2026-02-06
BK0999,茅指数,-0.31,804.07,805.64,797.37,801.34,-2.54,0.57,1.02,20.44,10235042,64883654601.0,806.61,13943243008000,11837728000000,90.BK0999,板块,2026-02-06 11:17:45,2026-02-06
BK0979,低碳冶金,-0.35,1099.7,1109.1,1087.88,1094.69,-3.86,0.46,0.8,22.47,3120976,1338644449.0,1103.56,336111952000,326061856000,90.BK0979,板块,2026-02-06 11:17:45,2026-02-06
BK0817,昨日触板,-0.35,34.07,34.07,33.36,33.61,-0.12,6.45,0.6,155.82,7797774,10026207817.0,34.19,161051368000,147086078000,90.BK0817,板块,2026-02-06 11:17:45,2026-02-06
BK1107,科创板做市商,-0.36,1547.36,1553.47,1537.5,1544.01,-5.54,0.34,0.81,13.73,4074611,5832886238.0,1552.9,2049945952000,1714350224000,90.BK1107,板块,2026-02-06 11:17:45,2026-02-06
BK1049,EDR概念,-0.36,1935.95,1941.63,1899.11,1926.87,-6.94,2.01,1.23,616.78,2584009,5201880066.0,1942.89,347243872000,334583936000,90.BK1049,板块,2026-02-06 11:17:45,2026-02-06
BK1186,首发经济,-0.44,1244.86,1245.86,1223.41,1237.09,-5.55,2.87,1.22,-77.34,11717193,11028868020.0,1250.41,407274080000,359508496000,90.BK1186,板块,2026-02-06 11:17:42,2026-02-06
BK1636,红利破净股,-0.49,1026.6,1032.52,1022.44,1028.36,-5.05,0.16,1.04,7.29,19484926,14133960393.0,1031.65,12977290752000,8500886016000,90.BK1636,板块,2026-02-06 11:17:42,2026-02-06
BK0715,航母概念,-0.5,1200.38,1207.05,1184.61,1196.25,-6.08,1.3,1.07,55.62,8327736,20664890887.0,1206.46,1288861456000,1254063760000,90.BK0715,板块,2026-02-06 11:17:45,2026-02-06
BK1185,冰雪经济,-0.5,1177.43,1179.75,1164.43,1175.7,-5.97,1.76,1.19,-76.86,6911749,7582095526.0,1183.4,375079088000,342183024000,90.BK1185,板块,2026-02-06 11:17:45,2026-02-06
BK1151,短剧互动游戏,-0.51,1556.99,1560.13,1510.74,1544.62,-7.95,4.45,1.22,1267.69,19870134,29257580670.0,1564.94,638354832000,580766752000,90.BK1151,板块,2026-02-06 11:17:45,2026-02-06
BK0625,通用航空,-0.53,6915.85,6928.68,6829.47,6900.72,-37.16,0.82,0.91,-74.83,7391397,12784995617.0,6953.01,1270605360000,1091294608000,90.BK0625,板块,2026-02-06 11:17:45,2026-02-06
BK0811,超级品牌,-0.55,2360.82,2377.76,2355.7,2369.42,-13.09,0.52,0.99,19.69,4930093,20873666335.0,2373.91,7882659072000,5027835136000,90.BK0811,板块,2026-02-06 11:17:45,2026-02-06
BK1172,AI语料,-0.67,1259.61,1262.13,1228.29,1254.59,-8.5,4.34,1.18,261.39,16586238,21349280884.0,1268.11,538892464000,490347424000,90.BK1172,板块,2026-02-06 11:17:42,2026-02-06
BK0965,社区团购,-0.68,1022.39,1025.74,1011.52,1024.04,-7.01,1.88,1.5,93.57,9161076,7212188094.0,1029.4,594330896000,420243120000,90.BK0965,板块,2026-02-06 11:17:45,2026-02-06
BK0674,蓝宝石,-0.77,3644.18,3653.5,3579.6,3624.53,-28.11,2.77,1.28,1763.16,8049602,16072587855.0,3672.29,736841152000,699671952000,90.BK0674,板块,2026-02-06 11:17:45,2026-02-06
BK1169,Kimi概念,-0.78,1425.72,1428.94,1385.46,1414.16,-11.19,4.8,1.1,47.36,5670928,12627222367.0,1436.91,523158416000,484457232000,90.BK1169,板块,2026-02-06 11:17:45,2026-02-06
BK0933,退税商店,-0.82,1537.24,1552.32,1518.12,1552.32,-12.75,2.01,1.75,66.15,3536441,3545932044.0,1549.99,182733966000,178284553000,90.BK0933,板块,2026-02-06 11:17:45,2026-02-06
BK0972,快手概念,-0.88,2029.37,2033.09,1967.19,2014.68,-18.1,7.91,1.2,-249.09,24972282,31941795294.0,2047.47,427491008000,391258432000,90.BK0972,板块,2026-02-06 11:17:45,2026-02-06
BK0896,白酒,-1.01,2293.39,2312.12,2277.1,2298.55,-23.42,1.61,1.21,23.74,10677649,27114679132.0,2316.81,3392915616000,3370149360000,90.BK0896,板块,2026-02-06 11:17:45,2026-02-06
BK0849,京东金融,-1.12,2275.56,2291.78,2257.03,2278.03,-25.8,1.21,1.55,7.86,4175202,4973808111.0,2301.36,249134966000,248297118000,90.BK0849,板块,2026-02-06 11:17:45,2026-02-06
BK0692,旅游概念,-1.22,1879.34,1888.16,1858.78,1888.16,-23.16,1.74,1.13,-15.47,11646457,9986573000.0,1902.5,475010704000,416496848000,90.BK0692,板块,2026-02-06 11:17:45,2026-02-06
BK0927,免税概念,-1.81,1585.13,1600.73,1573.12,1600.73,-29.3,0.8,1.34,37.68,5950212,7484159689.0,1614.43,890706224000,805346048000,90.BK0927,板块,2026-02-06 11:17:45,2026-02-06
