日期,今开,最高,最低,最新价,成交量,成交额,振幅,换手
2021-06-21,10.249,10.249,9.488,9.567,181026,238979030.0,8.03,3.24
2021-06-22,9.565,9.565,9.035,9.509,36108,46636671.0,5.54,0.65
2021-06-23,9.509,9.526,9.419,9.485,22568,29320407.0,1.13,0.4
2021-06-24,9.487,9.487,9.415,9.422,18691,24233048.0,0.76,0.33
2021-06-25,9.426,9.504,9.389,9.504,14802,19193277.0,1.22,0.26
2021-06-28,9.5,9.5,9.417,9.42,11296,14644387.0,0.87,0.2
2021-06-29,9.42,9.42,9.368,9.381,10337,13358300.0,0.55,0.19
2021-06-30,9.388,9.419,9.368,9.414,7072,9136565.0,0.54,0.13
2021-07-01,9.414,9.557,9.408,9.503,10873,14132550.0,1.58,0.19
2021-07-02,9.499,9.499,9.39,9.415,8749,11337486.0,1.15,0.16
2021-07-05,9.415,9.415,9.392,9.395,5301,6861272.0,0.24,0.09
2021-07-06,9.395,9.395,9.37,9.372,7708,9956443.0,0.27,0.14
2021-07-07,9.372,9.373,9.348,9.349,7732,9971332.0,0.27,0.14
2021-07-08,9.349,9.349,9.267,9.267,10923,14008985.0,0.88,0.2
2021-07-09,9.266,9.267,9.18,9.197,9222,11748048.0,0.94,0.17
2021-07-12,9.197,9.197,9.147,9.148,11225,14253324.0,0.54,0.2
2021-07-13,9.148,9.148,9.049,9.054,10506,13240844.0,1.08,0.19
2021-07-14,9.053,9.053,8.959,8.964,12182,15244623.0,1.04,0.22
2021-07-15,8.964,9.053,8.964,9.047,12548,15769944.0,0.99,0.22
2021-07-16,9.047,9.177,9.029,9.162,13263,16791294.0,1.64,0.24
2021-07-19,9.163,9.233,9.163,9.202,14177,18035345.0,0.76,0.25
2021-07-20,9.202,9.202,9.149,9.196,8898,11309643.0,0.58,0.16
2021-07-21,9.195,9.197,9.16,9.169,7023,8930076.0,0.4,0.13
2021-07-22,9.169,9.169,9.065,9.105,4865,6151105.0,1.13,0.09
2021-07-23,9.105,9.155,9.105,9.131,6659,8431461.0,0.55,0.12
2021-07-26,9.131,9.131,9.046,9.074,9066,11438825.0,0.93,0.16
2021-07-27,9.147,9.147,9.004,9.035,12094,15244278.0,1.58,0.22
2021-07-28,9.035,9.035,9.005,9.011,11537,14492589.0,0.33,0.21
2021-07-29,9.011,9.033,9.009,9.016,11335,14239142.0,0.27,0.2
2021-07-30,9.015,9.015,8.985,8.993,16544,20737130.0,0.33,0.3
2021-08-02,8.992,8.992,8.964,8.97,15908,19905599.0,0.31,0.28
2021-08-03,8.969,8.979,8.962,8.965,14264,17846860.0,0.19,0.26
2021-08-04,8.964,8.979,8.96,8.965,9162,11459715.0,0.21,0.16
2021-08-05,8.965,8.979,8.961,8.963,15443,19311909.0,0.2,0.28
2021-08-06,8.962,8.972,8.949,8.966,26070,32591256.0,0.26,0.47
2021-08-09,8.966,8.983,8.966,8.977,12853,16085711.0,0.19,0.23
2021-08-10,8.975,8.977,8.965,8.97,12755,15957589.0,0.13,0.23
2021-08-11,8.971,8.971,8.965,8.97,12789,15998559.0,0.07,0.23
2021-08-12,8.969,8.973,8.962,8.97,13086,16371687.0,0.12,0.23
2021-08-13,8.97,8.979,8.961,8.972,9370,11721868.0,0.2,0.17
2021-08-16,8.972,8.972,8.964,8.966,14589,18248844.0,0.09,0.26
2021-08-17,8.966,8.969,8.959,8.96,15381,19233636.0,0.11,0.28
2021-08-18,8.959,8.964,8.955,8.959,13038,16297653.0,0.1,0.23
2021-08-19,8.958,8.972,8.957,8.972,20259,25332612.0,0.17,0.36
2021-08-20,8.972,8.996,8.961,8.995,16645,20848538.0,0.39,0.3
2021-08-23,8.996,9.078,8.982,9.064,11491,14448124.0,1.07,0.21
2021-08-24,9.062,9.087,9.04,9.083,15095,19034491.0,0.52,0.27
2021-08-25,9.084,9.118,9.079,9.115,14398,18207127.0,0.43,0.26
2021-08-26,9.115,9.143,9.094,9.139,19705,24970224.0,0.54,0.35
2021-08-27,9.139,9.23,9.139,9.226,29876,38093744.0,1.0,0.53
2021-08-30,9.226,9.398,9.226,9.354,41472,53371248.0,1.86,0.74
2021-08-31,9.355,9.405,9.229,9.392,32270,41716730.0,1.88,0.58
2021-09-01,9.392,9.392,9.31,9.316,13591,17482565.0,0.87,0.24
2021-09-02,9.315,9.327,9.264,9.283,13096,16812815.0,0.68,0.23
2021-09-03,9.283,9.283,9.267,9.279,8532,10936495.0,0.17,0.15
2021-09-06,9.278,9.288,9.259,9.286,7445,9544361.0,0.31,0.13
2021-09-07,9.285,9.309,9.23,9.285,13903,17830675.0,0.85,0.25
2021-09-08,9.284,9.308,9.284,9.304,5477,7032792.0,0.26,0.1
2021-09-09,9.304,9.307,9.276,9.286,6565,8429736.0,0.33,0.12
2021-09-10,9.286,9.286,9.26,9.263,7284,9329777.0,0.28,0.13
2021-09-13,9.262,9.275,9.25,9.268,16441,21055078.0,0.27,0.29
2021-09-14,9.268,9.314,9.268,9.304,14615,18752116.0,0.5,0.26
2021-09-15,9.306,9.411,9.306,9.397,17416,22517649.0,1.13,0.31
2021-09-16,9.397,9.417,9.359,9.382,15836,20463950.0,0.62,0.28
2021-09-17,9.383,9.448,9.318,9.337,18912,24439746.0,1.39,0.34
2021-09-22,9.339,9.359,9.331,9.339,38175,49169945.0,0.3,0.68
2021-09-23,9.339,9.438,9.322,9.395,23780,30730714.0,1.24,0.43
2021-09-24,9.394,9.476,9.394,9.468,50041,64931360.0,0.87,0.9
2021-09-27,9.475,9.574,9.475,9.512,54096,70777425.0,1.05,0.97
2021-09-28,9.513,9.539,9.226,9.348,49071,63398403.0,3.29,0.88
2021-09-29,9.348,9.436,9.296,9.395,33403,43141861.0,1.5,0.6
2021-09-30,9.397,9.488,9.397,9.478,19942,25943181.0,0.97,0.36
2021-10-08,9.479,9.494,9.446,9.46,40897,53166668.0,0.51,0.73
2021-10-11,9.459,9.519,9.451,9.517,36065,46979695.0,0.72,0.65
2021-10-12,9.518,9.519,9.49,9.509,25052,32691856.0,0.3,0.45
2021-10-13,9.509,9.542,9.508,9.514,16249,21216197.0,0.36,0.29
2021-10-14,9.514,9.532,9.5,9.515,15809,20633656.0,0.34,0.28
2021-10-15,9.515,9.542,9.506,9.51,10908,14236220.0,0.38,0.2
2021-10-18,9.509,9.523,9.505,9.509,11448,14939778.0,0.19,0.2
2021-10-19,9.509,9.538,9.5,9.534,19106,24946039.0,0.4,0.34
2021-10-20,9.534,9.546,9.512,9.539,19336,25282283.0,0.36,0.35
2021-10-21,9.54,9.549,9.499,9.513,77169,100724216.0,0.52,1.38
2021-10-22,9.518,9.557,9.518,9.543,27832,36430091.0,0.41,0.5
2021-10-25,9.543,9.565,9.543,9.561,23551,30852323.0,0.23,0.42
2021-10-26,9.561,9.579,9.494,9.498,19131,25045503.0,0.89,0.34
2021-10-27,9.498,9.539,9.475,9.502,25933,33857647.0,0.67,0.46
2021-10-28,9.502,9.519,9.423,9.454,30104,39235017.0,1.01,0.54
2021-10-29,9.455,9.533,9.42,9.53,29123,37968714.0,1.2,0.52
2021-11-01,9.53,9.539,9.48,9.483,35191,45931098.0,0.62,0.63
2021-11-02,9.483,9.499,9.444,9.452,22041,28660720.0,0.58,0.39
2021-11-03,9.452,9.452,9.391,9.41,25964,33653620.0,0.65,0.46
2021-11-04,9.409,9.41,9.38,9.385,25768,33325104.0,0.32,0.46
2021-11-05,9.385,9.403,9.353,9.388,24882,32150042.0,0.53,0.45
2021-11-08,9.389,9.402,9.369,9.383,49547,64031810.0,0.35,0.89
2021-11-09,9.383,9.403,9.379,9.385,27680,35785474.0,0.26,0.5
2021-11-10,9.385,9.403,9.38,9.388,47461,61374627.0,0.25,0.85
2021-11-11,9.396,9.415,9.388,9.412,25200,32623013.0,0.29,0.45
2021-11-12,9.411,9.464,9.403,9.439,19877,25807517.0,0.65,0.36
2021-11-15,9.439,9.488,9.439,9.476,41040,53424073.0,0.52,0.73
2021-11-16,9.479,9.49,9.454,9.463,12844,16709039.0,0.38,0.23
2021-11-17,9.459,9.496,9.439,9.477,25076,32631131.0,0.6,0.45
2021-11-18,9.477,9.477,9.443,9.464,14275,18554047.0,0.36,0.26
2021-11-19,9.464,9.482,9.449,9.452,10706,13918528.0,0.35,0.19
2021-11-22,9.453,9.465,9.421,9.428,19287,25036843.0,0.47,0.35
2021-11-23,9.427,9.441,9.404,9.405,18577,24066002.0,0.39,0.33
2021-11-24,9.406,9.459,9.406,9.434,9582,12428604.0,0.56,0.17
2021-11-25,9.43,9.448,9.42,9.431,15151,19652934.0,0.3,0.27
2021-11-26,9.43,9.436,9.419,9.434,12393,16073416.0,0.18,0.22
2021-11-29,9.432,9.432,9.409,9.412,18673,24194471.0,0.24,0.33
2021-11-30,9.419,9.43,9.413,9.422,12297,15942942.0,0.18,0.22
2021-12-01,9.422,9.447,9.419,9.442,11359,14738942.0,0.3,0.2
2021-12-02,9.442,9.462,9.44,9.46,12641,16429802.0,0.23,0.23
2021-12-03,9.462,9.498,9.462,9.489,14605,19025526.0,0.38,0.26
2021-12-06,9.494,9.503,9.478,9.487,22926,29868246.0,0.26,0.41
2021-12-07,9.489,9.495,9.472,9.482,13975,18200091.0,0.24,0.25
2021-12-08,9.479,9.489,9.474,9.487,14171,18456633.0,0.16,0.25
2021-12-09,9.487,9.529,9.485,9.529,36387,47435961.0,0.46,0.65
2021-12-10,9.519,9.628,9.502,9.624,43579,57131834.0,1.32,0.78
2021-12-13,9.626,9.831,9.626,9.819,61856,82094912.0,2.13,1.11
2021-12-14,9.828,10.209,9.828,9.962,70375,96015844.0,3.88,1.26
2021-12-15,9.964,10.089,9.834,9.941,28932,39143192.0,2.56,0.52
2021-12-16,9.944,9.994,9.793,9.802,20901,28019263.0,2.02,0.37
2021-12-17,9.801,9.941,9.769,9.838,11469,15350206.0,1.75,0.21
2021-12-20,9.838,9.873,9.808,9.847,10275,13737813.0,0.66,0.18
2021-12-21,9.87,10.059,9.87,10.004,21175,28679735.0,1.92,0.38
2021-12-22,10.008,10.108,10.008,10.069,23274,31678415.0,1.0,0.42
2021-12-23,10.069,10.093,9.459,9.959,49782,67539027.0,6.3,0.89
2021-12-24,9.984,10.116,9.954,10.082,31161,40591394.0,1.63,0.56
2021-12-27,10.083,10.237,10.082,10.216,52908,69667952.0,1.54,0.95
2021-12-28,10.21,10.216,10.119,10.126,28088,36979227.0,0.95,0.5
2021-12-29,10.126,10.146,10.009,10.016,25608,33432022.0,1.35,0.46
2021-12-30,10.016,10.016,9.951,9.998,27730,36029790.0,0.65,0.5
2021-12-31,9.998,10.1,9.987,10.1,52783,69100842.0,1.13,0.94
2022-01-04,10.1,10.131,10.037,10.096,27216,35653646.0,0.93,0.49
2022-01-05,10.096,10.096,10.023,10.081,22614,29520029.0,0.72,0.4
2022-01-06,10.082,10.082,10.054,10.056,11079,14487883.0,0.28,0.2
2022-01-07,10.057,10.073,10.038,10.044,10349,13521304.0,0.35,0.19
2022-01-10,10.044,10.073,10.044,10.066,19916,26045537.0,0.29,0.36
2022-01-11,10.063,10.063,10.046,10.055,8459,11052951.0,0.17,0.15
2022-01-12,10.055,10.068,10.046,10.049,17320,22641914.0,0.22,0.31
2022-01-13,10.049,10.062,10.034,10.045,23411,30583525.0,0.28,0.42
2022-01-14,10.044,10.044,10.016,10.043,26899,35091552.0,0.28,0.48
2022-01-17,10.043,10.08,10.032,10.042,35428,46286881.0,0.48,0.63
2022-01-18,10.042,10.054,10.031,10.047,16689,21793936.0,0.23,0.3
2022-01-19,10.047,10.055,10.042,10.048,21037,27479613.0,0.13,0.38
2022-01-20,10.048,10.246,10.044,10.245,47830,62721691.0,2.01,0.86
2022-01-21,10.246,10.608,10.246,10.602,39361,53209095.0,3.53,0.7
2022-01-24,10.666,11.095,10.666,10.883,51857,72219715.0,4.05,0.93
2022-01-25,10.888,10.897,10.669,10.756,23841,32889543.0,2.1,0.43
2022-01-26,10.746,10.772,10.666,10.767,17244,23722953.0,0.99,0.31
2022-01-27,10.798,10.836,10.771,10.805,14174,19587865.0,0.6,0.25
2022-01-28,10.805,10.966,10.805,10.956,11428,15895914.0,1.49,0.2
2022-02-07,10.967,11.251,10.967,11.21,22704,32265310.0,2.59,0.41
2022-02-08,11.214,11.47,11.214,11.291,29291,42101964.0,2.28,0.52
2022-02-09,11.291,11.291,10.886,10.969,28816,40371937.0,3.59,0.52
2022-02-10,10.968,11.083,10.805,10.995,24815,34676993.0,2.53,0.44
2022-02-11,10.987,11.076,10.966,11.03,16866,23671113.0,1.0,0.3
2022-02-14,11.03,11.235,11.03,11.095,20774,29423729.0,1.86,0.37
2022-02-15,11.095,11.206,10.913,10.996,25505,35863916.0,2.64,0.46
2022-02-16,10.994,10.994,10.736,10.838,31791,44015229.0,2.35,0.57
2022-02-17,10.828,10.837,10.63,10.631,20750,28521186.0,1.91,0.37
2022-02-18,10.622,10.831,10.452,10.811,30817,41892831.0,3.57,0.55
2022-02-21,10.811,10.851,10.742,10.781,8676,11977078.0,1.01,0.16
2022-02-22,10.78,10.78,10.536,10.539,13909,18959525.0,2.26,0.25
2022-02-23,10.539,10.539,10.354,10.43,25588,34401544.0,1.76,0.46
2022-02-24,10.414,10.414,10.285,10.305,17403,23226348.0,1.24,0.31
2022-02-25,10.304,10.466,10.286,10.299,18907,25286601.0,1.75,0.34
2022-02-28,10.271,10.285,10.206,10.24,10432,13821036.0,0.77,0.19
2022-03-01,10.211,10.27,10.075,10.111,30245,39849025.0,1.9,0.54
2022-03-02,10.108,10.249,10.022,10.186,22271,29263528.0,2.25,0.4
2022-03-03,10.191,10.301,10.144,10.199,27467,36253129.0,1.54,0.49
2022-03-04,10.249,10.278,10.146,10.185,11753,15507163.0,1.29,0.21
2022-03-07,10.179,10.179,10.054,10.086,20203,26493823.0,1.23,0.36
2022-03-08,10.084,10.128,10.028,10.053,21253,27812135.0,0.99,0.38
2022-03-09,10.053,10.108,10.006,10.035,16481,21536128.0,1.01,0.29
2022-03-10,10.038,10.165,10.038,10.061,18487,24211144.0,1.27,0.33
2022-03-11,10.06,10.06,10.009,10.036,12361,16112925.0,0.51,0.22
2022-03-14,10.036,10.036,10.005,10.007,9940,12945570.0,0.31,0.18
2022-03-15,10.006,10.006,9.776,9.785,19769,25462229.0,2.3,0.35
2022-03-16,9.786,10.003,9.654,9.996,19557,24996750.0,3.57,0.35
2022-03-17,10.026,10.206,9.951,10.074,17564,22989914.0,2.55,0.31
2022-03-18,10.074,10.089,10.04,10.078,8202,10738405.0,0.49,0.15
2022-03-21,10.106,10.107,10.046,10.098,18222,23877692.0,0.61,0.33
2022-03-22,10.083,10.248,10.057,10.22,14304,18852122.0,1.89,0.26
2022-03-23,10.219,10.22,10.155,10.177,21649,28580180.0,0.64,0.39
2022-03-24,10.176,10.209,10.049,10.124,14569,19189256.0,1.57,0.26
2022-03-25,10.121,10.121,10.066,10.067,10566,13853166.0,0.54,0.19
2022-03-28,10.063,10.064,9.941,9.996,12346,16079563.0,1.22,0.22
2022-03-29,9.996,10.023,9.975,9.983,12613,16409400.0,0.48,0.23
2022-03-30,9.996,10.016,9.974,9.986,12486,16233684.0,0.42,0.22
2022-03-31,9.942,9.985,9.942,9.964,10511,13645120.0,0.43,0.19
2022-04-01,9.964,10.026,9.944,10.005,15006,19518693.0,0.82,0.27
2022-04-06,10.005,10.01,9.987,9.991,16468,21421987.0,0.23,0.29
2022-04-07,9.99,9.99,9.965,9.977,7992,10381818.0,0.25,0.14
2022-04-08,9.977,10.029,9.971,9.995,20379,26524875.0,0.58,0.36
2022-04-11,9.995,9.995,9.966,9.983,11214,14576661.0,0.29,0.2
2022-04-12,9.986,10.015,9.986,9.992,19166,24937240.0,0.29,0.34
2022-04-13,9.992,10.006,9.983,9.988,14197,18467537.0,0.23,0.25
2022-04-14,9.989,10.006,9.984,9.986,13727,17851399.0,0.22,0.25
2022-04-15,9.985,9.992,9.971,9.982,24003,31198585.0,0.21,0.43
2022-04-18,9.983,9.992,9.978,9.984,24825,32260933.0,0.14,0.44
2022-04-19,9.984,9.986,9.977,9.981,17442,22666563.0,0.09,0.31
2022-04-20,9.981,10.005,9.978,9.994,20316,26426345.0,0.27,0.36
2022-04-21,9.994,9.994,9.959,9.978,16591,21561967.0,0.35,0.3
2022-04-22,9.986,9.996,9.972,9.978,23811,30938489.0,0.24,0.43
2022-04-25,9.978,9.978,9.916,9.957,8168,10592290.0,0.62,0.15
2022-04-26,9.957,10.013,9.955,9.989,14888,19355005.0,0.58,0.27
2022-04-27,10.168,10.168,9.987,9.995,17637,22617841.0,1.81,0.32
2022-04-28,9.965,9.993,9.806,9.858,16560,21037277.0,1.87,0.3
2022-04-29,9.858,9.912,9.858,9.883,8174,10368754.0,0.55,0.15
2022-05-05,9.883,9.887,9.83,9.843,11850,14988476.0,0.58,0.21
2022-05-06,9.807,9.826,9.762,9.79,10796,13609462.0,0.65,0.19
2022-05-09,9.698,9.753,9.698,9.706,15762,19745302.0,0.56,0.28
2022-05-10,9.706,9.726,9.684,9.686,15773,19719717.0,0.43,0.28
2022-05-11,9.685,9.727,9.682,9.685,19595,24522622.0,0.46,0.35
2022-05-12,9.685,9.752,9.685,9.735,9241,11574793.0,0.69,0.17
2022-05-13,9.737,9.797,9.737,9.794,7908,9942863.0,0.62,0.14
2022-05-16,9.796,9.845,9.796,9.841,8481,10715758.0,0.5,0.15
2022-05-17,9.843,9.881,9.819,9.831,9163,11587805.0,0.63,0.16
2022-05-18,9.831,9.831,9.815,9.817,5518,6966101.0,0.16,0.1
2022-05-19,9.817,9.817,9.776,9.776,7254,9130010.0,0.42,0.13
2022-05-20,9.775,9.796,9.767,9.788,6818,8582689.0,0.3,0.12
2022-05-23,9.657,9.777,9.657,9.748,9737,12214717.0,1.23,0.17
2022-05-24,9.739,9.739,9.712,9.714,8159,10220037.0,0.28,0.15
2022-05-25,9.714,9.714,9.697,9.697,7357,9200089.0,0.18,0.13
2022-05-26,9.699,9.722,9.675,9.69,8308,10383761.0,0.48,0.15
2022-05-27,9.687,9.689,9.642,9.654,14225,17737313.0,0.49,0.25
2022-05-30,9.654,9.666,9.605,9.605,9975,12403619.0,0.63,0.18
2022-05-31,9.605,9.605,9.477,9.517,22275,27443890.0,1.33,0.4
2022-06-01,9.517,9.517,9.38,9.401,29158,35697582.0,1.44,0.52
2022-06-02,9.401,9.402,9.179,9.197,47857,57715834.0,2.37,0.86
2022-06-06,9.197,9.52,9.17,9.49,36713,44817977.0,3.81,0.66
2022-06-07,9.487,9.502,9.462,9.496,24514,30127512.0,0.42,0.44
2022-06-08,9.496,9.5,9.414,9.436,10184,12487164.0,0.91,0.18
2022-06-09,9.436,9.468,9.419,9.437,9927,12148132.0,0.52,0.18
2022-06-10,9.437,9.463,9.427,9.449,10367,12703437.0,0.38,0.19
2022-06-13,9.445,9.445,9.306,9.36,11514,14017337.0,1.47,0.21
2022-06-14,9.36,9.36,9.272,9.33,8333,10103887.0,0.94,0.15
2022-06-15,9.33,9.339,9.295,9.322,12807,15517303.0,0.47,0.23
2022-06-16,9.322,9.346,9.304,9.327,9346,11335988.0,0.45,0.17
2022-06-17,9.328,9.336,9.268,9.288,11444,13862212.0,0.73,0.2
2022-06-20,9.287,9.288,9.186,9.208,11849,14240214.0,1.1,0.21
2022-06-21,9.208,9.295,9.199,9.219,11186,13468620.0,1.04,0.2
2022-06-22,9.218,9.222,9.197,9.222,10055,12079480.0,0.27,0.18
2022-06-23,9.222,9.254,9.198,9.248,11850,14259972.0,0.61,0.21
2022-06-24,9.248,9.297,9.235,9.297,11463,13842249.0,0.67,0.21
2022-06-27,9.305,9.337,9.305,9.331,17705,21465889.0,0.34,0.32
2022-06-28,9.331,9.351,9.319,9.35,35932,43609521.0,0.34,0.64
2022-06-29,9.345,9.347,9.336,9.344,26099,31699122.0,0.12,0.47
2022-06-30,9.344,9.534,9.343,9.51,36127,44122485.0,2.04,0.65
2022-07-01,9.527,9.595,9.499,9.588,15133,18687351.0,1.01,0.27
2022-07-04,9.588,9.729,9.588,9.728,21965,27475622.0,1.47,0.39
2022-07-05,9.728,9.728,9.582,9.609,22960,28510665.0,1.5,0.41
2022-07-06,9.606,9.624,9.522,9.622,16656,20654318.0,1.06,0.3
2022-07-07,9.622,9.692,9.578,9.689,11999,14951628.0,1.18,0.21
2022-07-08,9.692,9.784,9.689,9.735,14234,17880773.0,0.98,0.25
2022-07-11,9.737,9.777,9.679,9.703,12312,15386700.0,1.01,0.22
2022-07-12,9.703,9.777,9.696,9.768,24936,31209204.748,0.83,0.45
2022-07-13,9.767,9.842,9.7,9.718,17129,21487449.01,1.45,0.31
2022-07-14,9.707,9.798,9.63,9.786,12919,16241515.632,1.73,0.23
2022-07-15,9.786,9.786,9.735,9.747,6618,8309125.109,0.52,0.12
2022-07-18,9.749,9.749,9.718,9.737,8740,10951995.861,0.32,0.16
2022-07-19,9.737,9.749,9.699,9.744,5927,7430087.401,0.51,0.11
2022-07-20,9.725,9.736,9.683,9.688,9697,12136094.2,0.54,0.17
2022-07-21,9.664,9.671,9.619,9.666,9673,12051476.791,0.54,0.17
2022-07-22,9.666,9.682,9.601,9.669,16071,20044923.884,0.84,0.29
2022-07-25,9.669,9.694,9.631,9.677,15522,19362746.214,0.65,0.28
2022-07-26,9.677,9.677,9.647,9.662,12450,15519551.066,0.31,0.22
2022-07-27,9.663,9.701,9.654,9.666,4730,5897291.08,0.49,0.08
2022-07-28,9.666,9.686,9.648,9.685,4260,5314285.157,0.39,0.08
2022-07-29,9.685,9.698,9.671,9.697,6131,7655173.393,0.28,0.11
2022-08-01,9.647,9.717,9.636,9.713,6955,8670504.666,0.84,0.12
2022-08-02,9.713,9.713,9.61,9.656,10160,12651232.405,1.06,0.18
2022-08-03,9.626,9.628,9.616,9.618,7435,9237244.041,0.12,0.13
2022-08-04,9.598,9.622,9.58,9.618,19570,24286812.555,0.44,0.35
2022-08-05,9.597,9.617,9.58,9.592,10610,13164246.176,0.38,0.19
2022-08-08,9.587,9.612,9.587,9.601,9443,11716424.89,0.26,0.17
2022-08-09,9.601,9.601,9.58,9.585,11387,14113263.567,0.22,0.2
2022-08-10,9.587,9.606,9.556,9.557,19318,23922376.878,0.52,0.35
2022-08-11,9.557,9.561,9.535,9.541,11879,14668218.851,0.27,0.21
2022-08-12,9.535,9.564,9.531,9.552,11123,13740067.105,0.35,0.2
2022-08-15,9.551,9.633,9.547,9.62,14371,17825706.478,0.9,0.26
2022-08-16,9.607,9.722,9.585,9.717,15907,19836881.462,1.42,0.28
2022-08-17,9.722,9.762,9.647,9.717,16909,21162466.138,1.18,0.3
2022-08-18,9.717,9.729,9.697,9.725,21128,26451884.59,0.33,0.38
2022-08-19,9.725,9.764,9.71,9.743,21903,27454453.596,0.56,0.39
2022-08-22,9.751,9.806,9.723,9.736,21322,26841837.879,0.85,0.38
2022-08-23,9.737,9.764,9.649,9.661,11815,14771860.097,1.18,0.21
2022-08-24,9.662,9.663,9.585,9.616,12621,15696479.032,0.81,0.23
2022-08-25,9.616,9.691,9.596,9.67,11857,14734692.123,0.99,0.21
2022-08-26,9.669,9.669,9.626,9.636,9098,11332392.07,0.44,0.16
2022-08-29,9.636,9.636,9.564,9.608,8916,11068909.74,0.75,0.16
2022-08-30,9.608,9.683,9.577,9.642,11170,13904754.876,1.1,0.2
2022-08-31,9.645,9.705,9.645,9.661,12286,15326784.356,0.62,0.22
2022-09-01,9.661,9.721,9.597,9.685,19610,24453778.212,1.28,0.35
2022-09-02,9.677,9.702,9.628,9.687,14980,18706819.741,0.76,0.27
2022-09-05,9.687,9.687,9.648,9.652,6053,7543309.34,0.4,0.11
2022-09-06,9.644,9.659,9.604,9.652,7090,8828548.836,0.57,0.13
2022-09-07,9.652,9.688,9.612,9.672,14419,17962177.231,0.79,0.26
2022-09-08,9.632,9.688,9.632,9.672,15443,19270327.052,0.58,0.28
2022-09-09,9.647,9.681,9.647,9.674,15051,18777208.174,0.35,0.27
2022-09-13,9.674,9.674,9.643,9.673,21202,26426049.978,0.32,0.38
2022-09-14,9.645,9.685,9.645,9.674,11098,13844592.917,0.41,0.2
2022-09-15,9.674,9.707,9.65,9.671,11629,14505157.809,0.59,0.21
2022-09-16,9.671,9.673,9.589,9.602,12842,15976033.003,0.87,0.23
2022-09-19,9.602,9.62,9.564,9.573,11883,14722922.591,0.58,0.21
2022-09-20,9.573,9.577,9.547,9.567,5782,7154652.03,0.31,0.1
2022-09-21,9.567,9.669,9.567,9.665,11098,13810028.962,1.07,0.2
2022-09-22,9.664,9.665,9.64,9.65,17580,21896675.148,0.26,0.31
2022-09-23,9.65,9.676,9.647,9.659,13094,16317202.494,0.3,0.23
2022-09-26,9.659,9.659,9.543,9.562,16685,20097167.663,1.2,0.3
2022-09-27,9.549,9.585,9.543,9.556,18184,21873215.273,0.44,0.33
2022-09-28,9.556,9.593,9.554,9.563,19836,23887257.252,0.41,0.36
2022-09-29,9.563,9.563,9.529,9.537,12730,15288298.176,0.36,0.23
2022-09-30,9.536,9.56,9.518,9.544,10197,12253362.268,0.44,0.18
2022-10-10,9.538,9.553,9.528,9.53,14474,17382559.024,0.26,0.26
2022-10-11,9.53,9.538,9.501,9.505,13205,15821663.499,0.39,0.24
2022-10-12,9.478,9.542,9.028,9.512,18284,21907447.817,5.41,0.33
2022-10-13,9.51,9.524,9.479,9.505,16483,19736028.384,0.47,0.3
2022-10-14,9.505,9.528,9.447,9.475,22152,26493447.758,0.85,0.4
2022-10-17,9.475,9.475,9.453,9.458,11028,13159636.347,0.23,0.2
2022-10-18,9.458,9.462,9.448,9.456,15027,17921981.867,0.15,0.27
2022-10-19,9.456,9.456,9.428,9.429,14456,17226670.313,0.3,0.26
2022-10-20,9.429,9.429,9.373,9.379,18926,22451236.881,0.59,0.34
2022-10-21,9.379,9.379,9.262,9.282,26089,30715269.424,1.25,0.47
2022-10-24,9.425,9.425,9.171,9.174,22495,26331676.188,2.74,0.4
2022-10-25,9.175,9.175,9.071,9.104,29849,34550075.111,1.13,0.53
2022-10-26,9.144,9.256,9.08,9.083,16491,19160201.863,1.93,0.3
2022-10-27,9.143,9.143,9.029,9.048,16049,18490293.462,1.26,0.29
2022-10-28,9.048,9.087,9.03,9.046,17929,20638152.244,0.63,0.32
2022-10-31,9.126,9.126,9.002,9.026,11825,13595284.658,1.37,0.21
2022-11-01,9.116,9.116,8.948,8.997,20798,23911312.454,1.86,0.37
2022-11-02,8.997,9.076,8.988,9.061,23926,27569876.03,0.98,0.43
2022-11-03,9.118,9.118,9.04,9.085,19939,23030596.511,0.86,0.36
2022-11-04,9.114,9.181,9.081,9.168,21600,25117266.628,1.1,0.39
2022-11-07,9.168,9.176,9.083,9.098,21256,24647869.323,1.01,0.38
2022-11-08,9.136,9.136,8.954,9.024,32336,37238023.934,2.0,0.58
2022-11-09,9.021,9.021,8.958,8.967,14643,16771729.702,0.7,0.26
2022-11-10,8.983,8.983,8.903,8.925,21075,24020016.747,0.89,0.38
2022-11-11,8.938,9.028,8.84,8.855,29743,33804587.036,2.11,0.53
2022-11-14,8.855,8.855,8.68,8.683,29109,32627698.306,1.98,0.52
2022-11-15,8.728,8.728,8.528,8.559,22542,24890974.593,2.3,0.4
2022-11-16,8.558,8.626,8.554,8.59,22418,24796407.984,0.84,0.4
2022-11-17,8.59,8.618,8.466,8.607,28678,31565644.928,1.77,0.51
2022-11-18,8.605,8.605,8.56,8.597,19856,21969153.456,0.52,0.36
2022-11-21,8.597,8.832,8.568,8.82,25247,28345113.043,3.07,0.45
2022-11-22,8.821,9.0,8.728,8.817,22361,25326231.6,3.08,0.4
2022-11-23,8.817,8.843,8.756,8.829,17110,19308361.519,0.99,0.31
2022-11-24,8.829,8.848,8.75,8.833,16212,18323879.652,1.11,0.29
2022-11-25,8.833,8.878,8.793,8.87,16281,18437532.536,0.96,0.29
2022-11-28,8.868,8.868,8.726,8.835,19282,21784946.568,1.6,0.35
2022-11-29,8.829,8.947,8.759,8.917,22330,25358306.629,2.13,0.4
2022-11-30,8.944,8.947,8.909,8.93,16757,19103554.217,0.43,0.3
2022-12-01,8.936,9.056,8.936,8.996,22440,25740132.976,1.34,0.4
2022-12-02,8.988,9.06,8.965,9.036,21167,24345446.541,1.06,0.38
2022-12-05,9.035,9.189,9.009,9.119,30102,34914962.667,1.99,0.54
2022-12-06,9.119,9.292,9.119,9.263,32707,38214711.04,1.9,0.59
2022-12-07,9.263,9.278,9.129,9.278,20913,24460601.774,1.61,0.37
2022-12-08,9.249,9.302,9.184,9.281,23028,27040949.026,1.27,0.41
2022-12-09,9.282,9.399,9.282,9.378,18606,22003063.612,1.26,0.33
2022-12-12,9.424,9.427,9.378,9.395,9922,11776286.807,0.52,0.18
2022-12-13,9.393,9.41,9.364,9.397,13802,16378695.987,0.49,0.25
2022-12-14,9.397,9.397,9.303,9.312,13304,15680906.42,1.0,0.24
2022-12-15,9.312,9.347,9.195,9.318,16331,19252132.362,1.63,0.29
2022-12-16,9.316,9.346,9.282,9.327,11483,13554468.213,0.69,0.21
2022-12-19,9.327,9.335,9.228,9.312,9805,11565716.429,1.15,0.18
2022-12-20,9.353,9.353,9.247,9.288,10421,12260191.484,1.14,0.19
2022-12-21,9.275,9.294,9.257,9.283,9194,10809807.95,0.4,0.16
2022-12-22,9.287,9.328,9.272,9.292,8017,9432331.225,0.6,0.14
2022-12-23,9.292,9.326,9.291,9.322,11899,14026714.965,0.38,0.21
2022-12-26,9.322,9.332,9.272,9.322,8405,9914063.531,0.64,0.15
2022-12-27,9.321,9.328,9.308,9.319,5352,6311411.546,0.21,0.1
2022-12-28,9.282,9.335,9.282,9.314,8228,9697367.509,0.57,0.15
2022-12-29,9.279,9.337,9.279,9.324,7580,8941218.353,0.62,0.14
2022-12-30,9.324,9.471,9.324,9.431,14892,17679009.678,1.58,0.27
2023-01-03,9.431,9.455,9.313,9.438,13116,15603549.674,1.51,0.23
2023-01-04,9.438,9.486,9.421,9.464,10866,12967847.627,0.69,0.19
2023-01-05,9.428,9.445,9.346,9.422,9191,10933169.242,1.05,0.16
2023-01-06,9.422,9.476,9.348,9.442,10224,12178132.663,1.36,0.18
2023-01-09,9.457,9.458,9.415,9.421,10940,13022817.601,0.46,0.2
2023-01-10,9.422,9.442,9.37,9.428,8422,10022602.303,0.76,0.15
2023-01-11,9.418,9.438,9.418,9.425,8970,10676802.468,0.21,0.16
2023-01-12,9.425,9.439,9.398,9.431,3262,3882561.649,0.44,0.06
2023-01-13,9.392,9.431,9.392,9.412,5599,6652918.032,0.41,0.1
2023-01-16,9.412,9.412,9.338,9.356,5649,6694701.664,0.79,0.1
2023-01-17,9.363,9.396,9.314,9.314,5618,6637180.855,0.88,0.1
2023-01-18,9.314,9.323,9.287,9.287,3257,3835798.102,0.39,0.06
2023-01-19,9.287,9.306,9.199,9.291,13122,15374403.356,1.15,0.23
2023-01-20,9.286,9.286,9.175,9.193,5993,6988805.253,1.19,0.11
2023-01-30,9.192,9.263,9.128,9.263,12585,14729306.767,1.47,0.23
2023-01-31,9.262,9.439,9.245,9.408,19808,23486555.297,2.09,0.35
2023-02-01,9.382,9.46,9.379,9.411,8544,10159530.558,0.86,0.15
2023-02-02,9.41,9.418,9.345,9.376,7661,9075501.87,0.78,0.14
2023-02-03,9.376,9.391,9.294,9.328,7204,8509871.027,1.03,0.13
2023-02-06,9.326,9.351,9.238,9.327,18898,22293358.222,1.21,0.34
2023-02-07,9.327,9.347,9.289,9.323,18609,21965567.307,0.62,0.33
2023-02-08,9.348,9.391,9.301,9.31,12988,15316453.671,0.97,0.23
2023-02-09,9.31,9.318,9.268,9.288,11343,13353947.555,0.54,0.2
2023-02-10,9.288,9.3,9.259,9.278,18769,22056976.678,0.44,0.34
2023-02-13,9.274,9.274,9.198,9.214,18511,21660454.824,0.82,0.33
2023-02-14,9.214,9.286,9.2,9.22,23256,27240582.352,0.93,0.42
2023-02-15,9.221,9.272,9.221,9.247,16970,19903473.863,0.55,0.3
2023-02-16,9.238,9.267,9.215,9.237,13310,15597706.365,0.56,0.24
2023-02-17,9.237,9.264,9.189,9.236,22806,26696808.458,0.81,0.41
2023-02-20,9.236,9.254,9.204,9.228,24204,28322400.58,0.54,0.43
2023-02-21,9.228,9.237,9.209,9.222,30217,35344997.617,0.3,0.54
2023-02-22,9.219,9.224,9.178,9.223,14883,17396191.32,0.5,0.27
2023-02-23,9.222,9.226,9.15,9.159,14632,17058997.587,0.82,0.26
2023-02-24,9.197,9.197,9.052,9.086,16042,18547894.052,1.58,0.29
2023-02-27,9.083,9.099,9.003,9.023,19686,22704085.255,1.06,0.35
2023-02-28,9.023,9.047,8.933,8.958,19962,22838832.024,1.26,0.36
2023-03-01,9.003,9.019,8.938,8.984,23520,26926879.262,0.9,0.42
2023-03-02,8.983,9.061,8.966,9.033,23987,27588258.222,1.06,0.43
2023-03-03,9.03,9.094,9.03,9.038,26014,29967013.032,0.71,0.47
2023-03-06,9.04,9.089,8.989,9.0,23669,27237561.713,1.11,0.42
2023-03-07,8.99,9.012,8.952,8.969,26581,30438719.636,0.67,0.48
2023-03-08,8.969,8.969,8.949,8.956,12847,14685462.441,0.22,0.23
2023-03-09,8.956,8.968,8.947,8.949,11916,13614298.706,0.23,0.21
2023-03-10,8.96,8.96,8.941,8.947,10952,12504859.459,0.21,0.2
2023-03-13,8.943,8.986,8.939,8.972,22716,25944607.223,0.53,0.41
2023-03-14,8.972,9.012,8.963,8.978,23917,27375603.923,0.55,0.43
2023-03-15,8.976,9.017,8.976,9.004,27108,31103963.76,0.46,0.49
2023-03-16,9.004,9.004,8.979,8.985,19563,22425934.765,0.28,0.35
2023-03-17,8.984,8.999,8.959,8.977,24308,27826678.747,0.45,0.44
2023-03-20,8.974,8.976,8.93,8.937,19633,22409014.714,0.51,0.35
2023-03-21,8.937,8.941,8.879,8.905,17217,19589138.741,0.69,0.31
2023-03-22,8.905,8.944,8.866,8.883,24523,27862110.192,0.88,0.44
2023-03-23,8.927,8.927,8.834,8.843,24365,27612112.596,1.05,0.44
2023-03-24,8.843,8.859,8.806,8.812,33730,38085826.115,0.6,0.6
2023-03-27,8.812,8.817,8.784,8.794,26837,30251572.088,0.37,0.48
2023-03-28,8.772,8.803,8.728,8.737,18343,20562167.642,0.85,0.33
2023-03-29,8.754,8.781,8.72,8.736,15941,17866662.896,0.7,0.29
2023-03-30,8.729,8.74,8.663,8.683,22686,25330657.988,0.88,0.41
2023-03-31,8.684,8.688,8.648,8.683,30198,33675279.757,0.46,0.54
2023-04-03,8.683,8.766,8.673,8.743,22461,25159947.968,1.07,0.4
2023-04-04,8.757,8.922,8.752,8.828,31680,35826802.548,1.94,0.57
2023-04-06,8.82,8.827,8.773,8.784,10469,11790701.365,0.61,0.19
2023-04-07,8.788,8.834,8.786,8.834,20368,22948323.694,0.55,0.36
2023-04-10,8.835,8.839,8.779,8.789,10281,11583706.033,0.68,0.18
2023-04-11,8.791,8.791,8.66,8.712,14387,16089225.621,1.49,0.26
2023-04-12,8.724,8.813,8.687,8.719,20097,22508923.724,1.45,0.36
2023-04-13,8.721,8.755,8.662,8.7,17130,19150234.692,1.07,0.31
2023-04-14,8.701,8.746,8.689,8.707,24876,27797329.014,0.66,0.45
2023-04-17,8.707,8.707,8.625,8.672,25551,27540149.22,0.94,0.46
2023-04-18,8.672,8.679,8.648,8.651,19734,21229139.133,0.36,0.35
2023-04-19,8.653,8.662,8.54,8.544,21475,22965426.057,1.41,0.38
2023-04-20,8.544,8.544,8.373,8.408,21992,23133245.182,2.0,0.39
2023-04-21,8.408,8.452,8.247,8.311,21166,22029756.717,2.44,0.38
2023-04-24,8.312,8.352,8.122,8.178,22024,22661329.946,2.77,0.39
2023-04-25,8.222,8.222,8.164,8.172,17725,18206500.054,0.71,0.32
2023-04-26,8.171,8.239,8.171,8.176,8902,9162558.538,0.83,0.16
2023-04-27,8.176,8.219,8.164,8.164,6871,7057898.816,0.67,0.12
2023-04-28,8.167,8.2,8.159,8.173,7417,7621097.472,0.5,0.13
2023-05-04,8.177,8.252,8.155,8.17,10689,10978791.888,1.19,0.19
2023-05-05,8.182,8.182,8.14,8.175,8717,8949662.347,0.51,0.16
2023-05-08,8.175,8.251,8.175,8.184,6195,6369161.933,0.93,0.11
2023-05-09,8.184,8.19,8.177,8.184,6844,7035194.559,0.16,0.12
2023-05-10,8.184,8.305,8.182,8.274,9861,10200452.143,1.5,0.18
2023-05-11,8.275,8.323,8.274,8.287,7653,7949449.144,0.59,0.14
2023-05-12,8.287,8.29,8.242,8.252,5643,5842484.92,0.58,0.1
2023-05-15,8.252,8.29,8.152,8.172,8596,8837820.678,1.67,0.15
2023-05-16,8.166,8.178,8.162,8.178,6619,6795403.27,0.2,0.12
2023-05-17,8.182,8.183,8.166,8.17,8601,8833092.612,0.21,0.15
2023-05-18,8.17,8.192,8.163,8.17,7565,7769563.618,0.35,0.14
2023-05-19,8.192,8.192,8.166,8.169,4994,5127337.923,0.32,0.09
2023-05-22,8.168,8.174,8.163,8.171,4531,4652154.765,0.13,0.08
2023-05-23,8.171,8.174,8.166,8.172,3359,3448690.666,0.1,0.06
2023-05-24,8.174,8.177,8.163,8.166,5556,5703447.716,0.17,0.1
2023-05-25,8.173,8.184,8.155,8.159,7831,8034492.064,0.36,0.14
2023-05-26,8.158,8.174,8.152,8.155,7579,7771080.748,0.27,0.14
2023-05-29,8.155,8.177,8.147,8.151,9516,9753439.358,0.37,0.17
2023-05-30,8.152,8.176,8.14,8.142,8162,8362913.439,0.44,0.15
2023-05-31,8.14,8.142,8.007,8.007,9442,9580063.531,1.66,0.17
2023-06-01,8.007,8.007,7.85,7.852,8631,8626106.692,1.96,0.15
2023-06-02,7.852,7.891,7.65,7.652,12328,12068991.398,3.07,0.22
2023-06-05,7.658,7.667,6.888,6.892,43053,39632433.598,10.18,0.77
2023-06-06,6.892,6.922,6.613,6.892,22915,20279744.132,4.48,0.41
2023-06-07,6.887,7.18,6.852,7.17,14655,13419877.485,4.76,0.26
2023-06-08,7.181,7.399,7.181,7.389,25305,23898650.352,3.04,0.45
2023-06-09,7.389,7.599,7.372,7.401,12836,12291030.017,3.07,0.23
2023-06-12,7.401,7.401,7.213,7.358,9941,9286929.679,2.54,0.18
2023-06-13,7.347,7.347,7.252,7.279,9872,9243762.638,1.29,0.18
2023-06-14,7.279,7.329,7.239,7.301,9393,8809471.943,1.24,0.17
2023-06-15,7.301,7.302,7.222,7.239,6630,6200872.428,1.1,0.12
2023-06-16,7.239,7.277,7.199,7.242,14713,13721602.047,1.08,0.26
2023-06-19,7.202,7.205,7.141,7.176,14319,13273922.833,0.88,0.26
2023-06-20,7.176,7.204,7.137,7.17,16515,15293166.775,0.93,0.3
2023-06-21,7.17,7.177,7.134,7.146,14646,13553086.689,0.6,0.26
2023-06-26,7.146,7.193,6.961,7.003,11666,10664389.9,3.25,0.21
2023-06-27,7.003,7.003,6.917,6.932,17099,15442988.907,1.23,0.31
2023-06-28,6.933,6.968,6.908,6.96,18974,17181453.522,0.87,0.34
2023-06-29,6.977,7.05,6.917,6.935,14149,12809743.002,1.91,0.25
2023-06-30,6.935,6.944,6.903,6.931,12336,11122716.746,0.59,0.22
2023-07-03,6.95,6.964,6.902,6.906,16170,14592798.875,0.89,0.29
2023-07-04,6.902,6.915,6.89,6.896,15599,14037757.604,0.36,0.28
2023-07-05,6.902,6.903,6.876,6.892,11925,10714197.047,0.39,0.21
2023-07-06,6.892,7.007,6.892,6.972,25786,23378852.218,1.67,0.46
2023-07-07,6.972,7.16,6.971,7.099,24055,22106162.341,2.71,0.43
2023-07-10,7.088,7.118,7.031,7.104,21433,19701818.543,1.23,0.38
2023-07-11,7.105,7.16,7.066,7.068,17937,16493117.966,1.32,0.32
2023-07-12,7.068,7.068,7.037,7.064,17336,15847672.134,0.44,0.31
2023-07-13,7.064,7.094,7.008,7.064,15903,14556742.452,1.22,0.28
2023-07-14,7.064,7.176,7.04,7.155,25355,23417512.37,1.93,0.45
2023-07-17,7.174,7.495,7.174,7.494,31486,29841696.431,4.49,0.56
2023-07-18,7.502,7.862,7.502,7.841,32902,32231544.405,4.8,0.59
2023-07-19,7.841,7.844,7.602,7.797,35083,34572579.986,3.09,0.63
2023-07-20,7.765,7.791,7.59,7.602,18723,18229462.397,2.58,0.34
2023-07-21,7.582,7.582,7.417,7.529,13097,12592438.234,2.17,0.23
2023-07-24,7.526,7.526,7.415,7.443,11909,11370217.637,1.47,0.21
2023-07-25,7.523,7.529,7.42,7.446,19197,18401770.826,1.46,0.34
2023-07-26,7.447,7.502,7.354,7.381,12808,12159872.499,1.99,0.23
2023-07-27,7.382,7.418,7.263,7.291,18685,17579674.21,2.1,0.33
2023-07-28,7.299,7.331,7.216,7.303,18021,16915353.449,1.58,0.32
2023-07-31,7.322,7.385,7.317,7.345,14348,13557885.707,0.93,0.26
2023-08-01,7.344,7.469,7.321,7.365,16228,15399534.3,2.01,0.29
2023-08-02,7.365,7.409,7.365,7.395,11923,11313835.157,0.6,0.21
2023-08-03,7.396,7.424,7.365,7.417,11471,10894894.167,0.8,0.21
2023-08-04,7.417,7.462,7.402,7.427,14624,13914001.212,0.81,0.26
2023-08-07,7.387,7.419,7.371,7.388,11375,10785879.169,0.65,0.2
2023-08-08,7.387,7.387,7.341,7.353,12090,11425610.94,0.62,0.22
2023-08-09,7.36,7.481,7.36,7.461,11114,10592570.396,1.65,0.2
2023-08-10,7.48,7.511,7.461,7.488,22532,21569893.159,0.67,0.4
2023-08-11,7.536,7.562,7.503,7.532,12786,12296032.266,0.79,0.23
2023-08-14,7.533,7.554,7.458,7.482,16447,15191618.245,1.27,0.29
2023-08-15,7.481,7.5,7.384,7.449,17706,16265185.013,1.55,0.32
2023-08-16,7.449,7.487,7.386,7.43,12922,11843746.576,1.36,0.23
2023-08-17,7.423,7.452,7.416,7.421,17703,16210548.557,0.48,0.32
2023-08-18,7.421,7.434,7.416,7.428,13781,12622328.348,0.24,0.25
2023-08-21,7.428,7.466,7.388,7.401,18377,16791306.252,1.05,0.33
2023-08-22,7.401,7.417,7.298,7.342,11396,10380603.476,1.61,0.2
2023-08-23,7.305,7.342,7.253,7.253,7472,6731252.678,1.21,0.13
2023-08-24,7.246,7.266,7.216,7.235,13119,11766208.379,0.69,0.23
2023-08-25,7.233,7.291,7.169,7.291,9498,8526337.74,1.69,0.17
2023-08-28,7.316,7.5,7.316,7.326,15609,14204334.561,2.52,0.28
2023-08-29,7.326,7.334,7.322,7.331,11200,10146475.68,0.16,0.2
2023-08-30,7.334,7.403,7.318,7.329,9425,8549191.038,1.16,0.17
2023-08-31,7.32,7.365,7.291,7.346,10484,9496381.872,1.01,0.19
2023-09-01,7.346,7.366,7.326,7.339,9567,8681291.008,0.54,0.17
2023-09-04,7.339,7.342,7.296,7.297,8870,8028044.596,0.63,0.16
2023-09-05,7.295,7.315,7.286,7.312,6079,5493302.028,0.4,0.11
2023-09-06,7.298,7.298,7.275,7.276,8180,7373700.312,0.31,0.15
2023-09-07,7.279,7.299,7.239,7.251,8753,7871766.49,0.82,0.16
2023-09-08,7.248,7.258,7.23,7.25,10904,9784950.116,0.39,0.2
2023-09-11,7.236,7.274,7.23,7.252,9659,8665754.29,0.61,0.17
2023-09-12,7.252,7.264,7.217,7.227,8443,7568599.072,0.65,0.15
2023-09-13,7.201,7.225,7.199,7.207,13913,12440353.636,0.36,0.25
2023-09-14,7.203,7.214,7.195,7.198,9463,8456639.524,0.26,0.17
2023-09-15,7.198,7.216,7.196,7.2,17593,15724223.586,0.28,0.31
2023-09-18,7.199,7.219,7.187,7.192,9304,8308894.636,0.44,0.17
2023-09-19,7.183,7.208,7.181,7.192,12654,11296977.741,0.38,0.23
2023-09-20,7.19,7.217,7.179,7.181,7286,6499763.988,0.53,0.13
2023-09-21,7.181,7.181,7.126,7.151,7989,7099487.496,0.77,0.14
2023-09-22,7.148,7.148,7.122,7.133,6453,5719990.199,0.36,0.12
2023-09-25,7.132,7.132,7.085,7.114,9166,8098752.569,0.66,0.16
2023-09-26,7.114,7.14,7.087,7.106,6182,5464633.884,0.75,0.11
2023-09-27,7.106,7.118,7.066,7.108,6643,5864910.498,0.73,0.12
2023-09-28,7.108,7.146,7.076,7.128,10330,9148808.952,0.98,0.18
2023-10-09,7.123,7.123,7.089,7.112,6402,5659951.421,0.48,0.11
2023-10-10,7.106,7.12,7.087,7.116,18684,16526864.613,0.46,0.33
2023-10-11,7.118,7.135,7.117,7.13,4585,4060901.271,0.25,0.08
2023-10-12,7.13,7.192,7.13,7.166,11455,10175452.142,0.87,0.21
2023-10-13,7.167,7.199,7.146,7.156,11564,10293167.056,0.74,0.21
2023-10-16,7.129,7.163,7.116,7.151,11484,10185510.416,0.66,0.21
2023-10-17,7.151,7.17,7.121,7.14,10519,9333747.444,0.69,0.19
2023-10-18,7.121,7.141,7.098,7.108,5906,5222348.651,0.6,0.11
2023-10-19,7.106,7.106,6.997,7.027,9608,8431731.477,1.53,0.17
2023-10-20,7.027,7.028,6.902,6.933,12021,10452219.468,1.79,0.22
2023-10-23,6.936,6.936,6.827,6.849,8998,7743826.187,1.57,0.16
2023-10-24,6.849,6.934,6.769,6.909,17818,15279527.865,2.41,0.32
2023-10-25,6.909,7.011,6.909,6.946,7322,6372820.382,1.48,0.13
2023-10-26,6.906,6.954,6.891,6.946,7030,6082998.553,0.91,0.13
2023-10-27,6.907,6.992,6.907,6.992,9654,8389051.136,1.22,0.17
2023-10-30,6.992,7.019,6.969,6.988,9425,8225971.656,0.72,0.17
2023-10-31,6.997,7.014,6.976,6.985,4583,3999351.921,0.54,0.08
2023-11-01,6.985,6.985,6.916,6.965,8992,7798101.263,0.99,0.16
2023-11-02,6.965,6.967,6.92,6.931,7008,6076669.668,0.67,0.13
2023-11-03,6.924,6.962,6.924,6.946,10847,9408706.362,0.55,0.19
2023-11-06,6.946,7.032,6.918,6.946,7983,6933409.0,1.64,0.14
2023-11-07,6.946,6.946,6.887,6.901,7441,6423727.225,0.85,0.13
2023-11-08,6.901,6.946,6.876,6.883,9761,8429162.78,1.01,0.17
2023-11-09,6.883,6.927,6.872,6.894,7426,6414499.03,0.8,0.13
2023-11-10,6.894,6.913,6.891,6.891,7364,6356990.358,0.32,0.13
2023-11-13,6.891,6.903,6.861,6.867,4449,3829703.704,0.61,0.08
2023-11-14,6.895,6.895,6.866,6.868,8852,7622295.116,0.42,0.16
2023-11-15,6.866,6.896,6.864,6.895,14645,12602012.266,0.47,0.26
2023-11-16,6.868,6.895,6.868,6.875,4404,3793481.868,0.39,0.08
2023-11-17,6.866,6.88,6.858,6.872,7804,6718272.328,0.32,0.14
2023-11-20,6.833,6.873,6.833,6.872,5470,4704569.015,0.58,0.1
2023-11-21,6.866,6.874,6.857,6.873,8535,7339728.761,0.25,0.15
2023-11-22,6.873,6.885,6.864,6.873,7204,6200219.488,0.31,0.13
2023-11-23,6.873,6.875,6.845,6.867,9865,8482200.428,0.44,0.18
2023-11-24,6.864,6.865,6.851,6.865,6928,5952936.599,0.2,0.12
2023-11-27,6.864,6.878,6.791,6.837,9426,8074333.44,1.27,0.17
2023-11-28,6.836,6.836,6.797,6.829,5997,5127137.736,0.57,0.11
2023-11-29,6.829,6.83,6.786,6.822,10703,9143744.272,0.64,0.19
2023-11-30,6.825,6.875,6.811,6.834,5955,5108165.188,0.94,0.11
2023-12-01,6.817,6.881,6.815,6.881,6658,5715591.43,0.97,0.12
2023-12-04,6.881,6.937,6.869,6.937,9951,8581260.965,0.99,0.18
2023-12-05,6.938,7.035,6.89,6.934,15165,13197757.695,2.09,0.27
2023-12-06,6.923,6.973,6.894,6.921,8000,6928798.113,1.14,0.14
2023-12-07,6.921,6.921,6.843,6.899,5699,4916577.196,1.13,0.1
2023-12-08,6.872,6.897,6.846,6.897,4470,3847984.394,0.74,0.08
2023-12-11,6.897,6.898,6.836,6.871,12291,10548421.868,0.9,0.22
2023-12-12,6.871,6.871,6.805,6.84,5587,4781667.581,0.96,0.1
2023-12-13,6.84,6.84,6.781,6.796,4080,3478723.563,0.86,0.07
2023-12-14,6.796,6.796,6.772,6.796,4701,4003086.673,0.35,0.08
2023-12-15,6.796,6.814,6.772,6.812,2371,2024631.067,0.62,0.04
2023-12-18,6.812,6.832,6.788,6.826,8134,6960544.729,0.65,0.15
2023-12-19,6.824,6.856,6.789,6.855,9963,8534993.591,0.98,0.18
2023-12-20,6.868,6.94,6.852,6.916,18128,15643687.324,1.28,0.32
2023-12-21,6.916,7.061,6.915,7.019,26887,23456221.446,2.11,0.48
2023-12-22,7.019,7.224,7.001,7.083,40262,35559898.164,3.18,0.72
2023-12-25,7.188,7.188,7.025,7.111,16582,14199233.081,2.3,0.3
2023-12-26,7.071,7.155,7.044,7.131,15804,13598451.614,1.56,0.28
2023-12-27,7.122,7.152,7.092,7.128,14460,12457513.665,0.84,0.26
2023-12-28,7.127,7.244,7.118,7.195,21879,18938195.179,1.77,0.39
2023-12-29,7.195,7.257,7.164,7.245,18259,15934718.975,1.29,0.33
2024-01-02,7.247,7.26,7.203,7.21,9826,8559296.1,0.79,0.18
2024-01-03,7.211,7.258,7.189,7.221,17082,14921574.424,0.96,0.31
2024-01-04,7.228,7.251,7.158,7.224,12569,10914070.806,1.29,0.22
2024-01-05,7.212,7.258,7.183,7.257,9956,8664985.005,1.04,0.18
2024-01-08,7.257,7.267,7.201,7.206,13061,11402108.411,0.91,0.23
2024-01-09,7.168,7.168,7.126,7.136,12204,10531776.856,0.58,0.22
2024-01-10,7.109,7.178,7.066,7.077,15556,13409130.391,1.57,0.28
2024-01-11,7.085,7.175,7.085,7.175,15733,13548939.649,1.27,0.28
2024-01-12,7.182,7.182,7.088,7.157,19034,16411065.149,1.31,0.34
2024-01-15,7.156,7.168,7.072,7.158,25582,21989350.382,1.34,0.46
2024-01-16,7.132,7.245,7.128,7.238,19513,16904313.727,1.63,0.35
2024-01-17,7.249,7.356,7.205,7.323,23015,20209635.264,2.09,0.41
2024-01-18,7.324,7.358,7.269,7.314,19320,16981870.332,1.22,0.35
2024-01-19,7.309,7.456,7.27,7.337,32465,28811784.828,2.54,0.58
2024-01-22,7.338,7.378,7.24,7.27,16352,14361542.878,1.88,0.29
2024-01-23,7.258,7.258,7.21,7.231,14894,12981095.223,0.66,0.27
2024-01-24,7.223,7.339,7.199,7.238,21373,18708294.782,1.94,0.38
2024-01-25,7.238,7.331,7.211,7.242,21291,18601272.6,1.66,0.38
2024-01-26,7.241,7.247,7.219,7.238,12709,11088489.923,0.39,0.23
2024-01-29,7.234,7.269,7.209,7.232,18349,16014521.788,0.83,0.33
2024-01-30,7.23,7.27,7.199,7.248,14525,12685543.358,0.98,0.26
2024-01-31,7.249,7.263,7.197,7.238,9496,8271724.059,0.91,0.17
2024-02-01,7.235,7.258,7.198,7.253,14727,12857949.956,0.83,0.26
2024-02-02,7.25,7.303,7.219,7.257,12717,11136583.237,1.16,0.23
2024-02-05,7.255,7.27,7.23,7.238,11032,9644599.247,0.55,0.2
2024-02-06,7.234,7.291,7.198,7.277,23229,20282573.853,1.28,0.42
2024-02-07,7.277,7.452,7.241,7.427,12988,11492481.189,2.9,0.23
2024-02-08,7.577,7.672,7.465,7.608,17004,15398557.299,2.79,0.3
2024-02-19,7.608,7.908,7.588,7.797,22734,20887974.705,4.21,0.41
2024-02-20,7.788,8.016,7.728,7.875,32862,30945097.572,3.69,0.59
2024-02-21,7.875,7.938,7.835,7.9,24843,23323983.089,1.31,0.44
2024-02-22,7.866,7.949,7.864,7.907,15655,14749186.828,1.08,0.28
2024-02-23,7.908,8.178,7.907,8.166,20360,19429704.251,3.43,0.36
2024-02-26,8.158,8.555,8.128,8.447,31991,31594994.954,5.23,0.57
2024-02-27,8.447,8.519,8.106,8.268,46189,45171248.985,4.89,0.83
2024-02-28,8.258,8.258,8.008,8.018,29953,28935956.052,3.02,0.54
2024-02-29,7.978,8.31,7.953,8.025,32589,31179741.256,4.45,0.58
2024-03-01,8.02,8.337,7.985,8.217,33884,32953103.797,4.39,0.61
2024-03-04,8.217,8.396,8.216,8.318,36035,35345799.54,2.19,0.65
2024-03-05,8.268,8.533,8.265,8.434,48155,47825604.54,3.22,0.86
2024-03-06,8.443,8.503,8.305,8.332,22074,21842637.859,2.35,0.4
2024-03-07,8.332,8.373,8.218,8.224,19216,18771525.584,1.86,0.34
2024-03-08,8.124,8.322,8.124,8.226,19948,19384638.773,2.41,0.36
2024-03-11,8.213,8.286,8.186,8.257,17910,17454196.54,1.22,0.32
2024-03-12,8.257,8.262,8.217,8.236,11071,10764296.186,0.54,0.2
2024-03-13,8.235,8.235,8.152,8.228,12812,12405926.671,1.01,0.23
2024-03-14,8.188,8.277,8.158,8.188,18564,18007044.599,1.45,0.33
2024-03-15,8.16,8.228,8.158,8.228,11158,10804842.736,0.85,0.2
2024-03-18,8.228,8.268,8.189,8.211,10559,10262388.882,0.96,0.19
2024-03-19,8.211,8.238,8.177,8.183,8691,8413896.1,0.74,0.16
2024-03-20,8.183,8.207,8.129,8.143,8247,7968042.889,0.95,0.15
2024-03-21,8.143,8.144,7.988,8.0,18934,18031131.758,1.92,0.34
2024-03-22,7.995,7.996,7.84,7.873,39291,36794263.366,1.95,0.7
2024-03-25,7.863,8.002,7.833,8.001,13308,12506018.541,2.15,0.24
2024-03-26,8.001,8.097,7.984,8.097,11380,10851690.402,1.41,0.2
2024-03-27,8.06,8.183,8.06,8.158,13130,12657587.241,1.52,0.24
2024-03-28,8.158,8.166,8.07,8.138,12058,11571988.076,1.18,0.22
2024-03-29,8.127,8.184,8.113,8.148,10857,10474336.705,0.87,0.19
2024-04-01,8.148,8.206,8.119,8.206,6765,6539534.815,1.07,0.12
2024-04-02,8.206,8.258,8.148,8.251,10742,10426436.306,1.34,0.19
2024-04-03,8.253,8.417,8.253,8.401,17981,17707315.964,1.99,0.32
2024-04-08,8.402,8.517,8.402,8.517,17714,17663558.653,1.37,0.32
2024-04-09,8.519,8.607,8.491,8.588,17490,17598630.39,1.36,0.31
2024-04-10,8.588,8.757,8.5,8.686,23459,23841600.294,2.99,0.42
2024-04-11,8.686,8.727,8.666,8.683,17624,17947069.999,0.7,0.32
2024-04-12,8.683,8.696,8.636,8.665,16362,16612429.037,0.69,0.29
2024-04-15,8.668,8.727,8.588,8.641,24010,24439077.52,1.6,0.43
2024-04-16,8.609,8.619,8.506,8.556,26636,26754392.795,1.31,0.48
2024-04-17,8.556,8.616,8.517,8.544,14932,14996626.811,1.16,0.27
2024-04-18,8.544,8.544,8.493,8.508,13141,13141589.897,0.6,0.24
2024-04-19,8.511,8.574,8.409,8.499,15466,15400905.056,1.94,0.28
2024-04-22,8.5,8.636,8.491,8.502,16346,16356596.992,1.71,0.29
2024-04-23,8.5,8.541,8.463,8.51,16159,16143797.33,0.92,0.29
2024-04-24,8.516,8.602,8.439,8.593,16058,16066621.417,1.92,0.29
2024-04-25,8.703,8.703,8.495,8.629,27032,26755265.68,2.42,0.48
2024-04-26,8.628,8.693,8.587,8.637,17774,17712049.373,1.23,0.32
2024-04-29,8.627,8.627,8.462,8.473,26874,26490113.332,1.91,0.48
2024-04-30,8.467,8.467,8.409,8.44,23646,23058472.492,0.68,0.42
2024-05-06,8.432,8.445,8.388,8.418,20053,19508327.252,0.68,0.36
2024-05-07,8.418,8.466,8.405,8.457,13281,12954776.354,0.72,0.24
2024-05-08,8.46,8.477,8.458,8.468,14048,13752077.89,0.22,0.25
2024-05-09,8.468,8.468,8.426,8.442,15152,14809106.456,0.5,0.27
2024-05-10,8.428,8.476,8.365,8.468,23434,22825660.917,1.31,0.42
2024-05-13,8.465,8.465,8.358,8.397,26155,25442565.645,1.26,0.47
2024-05-14,8.378,8.46,8.323,8.328,16606,16082464.86,1.63,0.3
2024-05-15,8.327,8.337,8.244,8.278,31621,30374921.233,1.12,0.57
2024-05-16,8.272,8.278,8.148,8.258,37968,36151049.163,1.57,0.68
2024-05-17,8.257,8.298,8.209,8.298,17132,16406494.074,1.08,0.31
2024-05-20,8.279,8.304,8.239,8.278,16777,16088807.783,0.78,0.3
2024-05-21,8.259,8.276,8.196,8.234,36253,34596808.719,0.97,0.65
2024-05-22,8.215,8.226,8.169,8.226,30889,29395139.006,0.69,0.55
2024-05-23,8.225,8.226,8.181,8.226,16609,15823879.012,0.55,0.3
2024-05-24,8.218,8.272,8.207,8.271,15003,14380691.004,0.79,0.27
2024-05-27,8.271,8.307,8.24,8.275,14956,14333458.671,0.81,0.27
2024-05-28,8.274,8.297,8.163,8.163,20264,19290691.768,1.62,0.36
2024-05-29,8.163,8.228,8.151,8.163,32792,31094296.905,0.94,0.59
2024-05-30,8.148,8.158,8.107,8.132,29779,28143493.548,0.62,0.53
2024-05-31,8.122,8.128,8.064,8.089,30520,28706545.934,0.79,0.55
2024-06-03,8.084,8.107,8.058,8.076,28025,26328868.729,0.61,0.5
2024-06-04,8.068,8.148,8.048,8.148,14772,13881009.275,1.24,0.26
2024-06-05,8.152,8.254,8.149,8.24,10459,9951038.086,1.29,0.19
2024-06-06,8.228,8.298,8.2,8.278,18408,17657284.826,1.19,0.33
2024-06-07,8.278,8.308,8.229,8.283,16066,15413990.34,0.95,0.29
2024-06-11,8.283,8.307,8.24,8.268,12022,11538912.282,0.81,0.22
2024-06-12,8.243,8.277,8.188,8.218,15841,15120278.609,1.08,0.28
2024-06-13,8.178,8.217,8.118,8.206,20833,19835661.664,1.2,0.37
2024-06-14,8.166,8.189,8.166,8.187,14860,14116455.153,0.28,0.27
2024-06-17,8.176,8.188,8.159,8.183,10997,10445071.012,0.35,0.2
2024-06-18,8.158,8.183,8.12,8.168,12660,11996180.368,0.77,0.23
2024-06-19,8.152,8.178,8.131,8.146,13157,12451577.999,0.58,0.24
2024-06-20,8.13,8.146,8.099,8.146,9681,9134449.648,0.58,0.17
2024-06-21,8.11,8.193,8.089,8.148,7016,6618189.923,1.28,0.13
2024-06-24,8.147,8.219,8.13,8.218,14890,14086925.002,1.09,0.27
2024-06-25,8.218,8.257,8.153,8.175,11504,10910651.594,1.27,0.21
2024-06-26,8.149,8.196,8.109,8.196,19993,18927157.63,1.06,0.36
2024-06-27,8.197,8.274,8.16,8.258,8443,8052165.883,1.39,0.15
2024-06-28,8.258,8.278,8.218,8.278,13594,13013291.281,0.73,0.24
2024-07-01,8.276,8.276,8.231,8.265,15261,14600815.088,0.54,0.27
2024-07-02,8.23,8.32,8.23,8.318,9899,9530209.322,1.09,0.18
2024-07-03,8.322,8.324,8.296,8.315,9522,9172800.037,0.34,0.17
2024-07-04,8.315,8.343,8.293,8.343,11618,11202336.422,0.6,0.21
2024-07-05,8.33,8.378,8.278,8.317,21578,20844117.77,1.2,0.39
2024-07-08,8.281,8.32,8.258,8.282,12421,11922204.504,0.75,0.22
2024-07-09,8.271,8.286,8.234,8.246,13241,12687303.032,0.63,0.24
2024-07-10,8.229,8.25,8.211,8.237,5869,5609227.437,0.47,0.11
2024-07-11,8.299,8.309,8.22,8.258,9134,8740956.544,1.08,0.16
2024-07-12,8.258,8.316,8.211,8.27,6690,6411991.092,1.27,0.12
2024-07-15,8.262,8.332,8.259,8.332,10576,10181965.665,0.88,0.19
2024-07-16,8.304,8.37,8.285,8.351,10042,9716237.028,1.02,0.18
2024-07-17,8.345,8.367,8.312,8.363,9693,9379666.175,0.66,0.17
2024-07-18,8.368,8.368,8.324,8.351,3950,3815371.688,0.53,0.07
2024-07-19,8.351,8.386,8.31,8.38,12113,11718449.454,0.91,0.22
2024-07-22,8.38,8.402,8.318,8.368,19258,18675668.669,1.0,0.34
2024-07-23,8.346,8.396,8.26,8.298,27277,26252357.694,1.63,0.49
2024-07-24,8.297,8.297,8.249,8.249,9630,9228553.77,0.58,0.17
2024-07-25,8.239,8.259,8.233,8.242,5281,5049181.92,0.32,0.09
2024-07-26,8.239,8.296,8.209,8.278,11380,10932696.637,1.06,0.2
2024-07-29,8.338,8.338,8.283,8.312,10334,9966359.071,0.66,0.18
2024-07-30,8.312,8.368,8.282,8.344,10176,9835387.295,1.03,0.18
2024-07-31,8.344,8.426,8.344,8.425,7952,7725927.901,0.98,0.14
2024-08-01,8.423,8.463,8.353,8.463,20551,20059719.189,1.31,0.37
2024-08-02,8.461,8.468,8.411,8.463,11394,11138129.956,0.67,0.2
2024-08-05,8.454,8.533,8.454,8.482,10260,9841823.752,0.93,0.18
2024-08-06,8.483,8.494,8.415,8.489,14549,13935275.178,0.93,0.26
2024-08-07,8.455,8.585,8.429,8.585,34463,33258493.281,1.84,0.62
2024-08-08,8.587,8.783,8.558,8.663,28216,27740643.347,2.62,0.51
2024-08-09,8.657,8.694,8.586,8.684,14638,14280253.929,1.25,0.26
2024-08-12,8.69,8.772,8.58,8.77,15815,15507089.811,2.21,0.28
2024-08-13,8.773,8.782,8.694,8.774,14144,13966174.914,1.0,0.25
2024-08-14,8.773,8.876,8.741,8.871,17599,17507622.321,1.54,0.32
2024-08-15,8.874,8.942,8.83,8.942,11879,11898512.087,1.26,0.21
2024-08-16,8.944,8.944,8.787,8.864,15770,15731148.531,1.76,0.28
2024-08-19,8.864,8.922,8.84,8.877,8360,8346420.006,0.93,0.15
2024-08-20,8.876,8.972,8.844,8.854,18411,18407272.212,1.44,0.33
2024-08-21,8.844,8.844,8.774,8.804,21516,21341790.396,0.79,0.39
2024-08-22,8.794,8.834,8.652,8.658,14266,14020248.945,2.07,0.26
2024-08-23,8.653,8.655,8.606,8.621,12162,11831455.633,0.57,0.22
2024-08-26,8.611,8.633,8.574,8.608,13811,13407598.891,0.68,0.25
2024-08-27,8.608,8.674,8.558,8.671,16110,15646034.872,1.35,0.29
2024-08-28,8.673,8.713,8.653,8.701,10549,10334294.529,0.69,0.19
2024-08-29,8.698,8.743,8.493,8.585,41802,40477946.439,2.87,0.75
2024-08-30,8.579,8.593,8.536,8.59,11640,11272081.72,0.66,0.21
2024-09-02,8.587,8.673,8.554,8.664,8628,8401826.725,1.39,0.15
2024-09-03,8.664,8.664,8.598,8.664,10465,10190499.1,0.76,0.19
2024-09-04,8.64,8.664,8.544,8.598,9305,9044308.411,1.39,0.17
2024-09-05,8.561,8.674,8.561,8.624,17275,16769463.303,1.31,0.31
2024-09-06,8.587,8.669,8.587,8.659,12785,12479127.748,0.95,0.23
2024-09-09,8.653,8.669,8.576,8.594,14032,13631502.811,1.07,0.25
2024-09-10,8.564,8.602,8.475,8.521,10452,10055267.731,1.48,0.19
2024-09-11,8.52,8.551,8.494,8.524,16122,15535190.28,0.67,0.29
2024-09-12,8.618,8.618,8.48,8.483,4627,4451576.092,1.62,0.08
2024-09-13,8.444,8.567,8.427,8.443,8038,7707666.088,1.65,0.14
2024-09-18,8.439,8.492,8.384,8.424,8283,7905581.661,1.28,0.15
2024-09-19,8.384,8.413,8.318,8.339,16891,16013112.342,1.13,0.3
2024-09-20,8.339,8.394,8.296,8.378,13339,12581474.184,1.18,0.24
2024-09-23,8.379,8.411,8.334,8.339,8679,8204707.239,0.92,0.16
2024-09-24,8.335,8.379,8.335,8.352,7715,7294469.981,0.53,0.14
2024-09-25,8.352,8.456,8.352,8.451,8766,8353146.486,1.25,0.16
2024-09-26,8.451,8.468,8.396,8.454,9712,9268209.582,0.85,0.17
2024-09-27,8.453,8.463,8.415,8.426,6012,5736954.99,0.57,0.11
2024-09-30,8.418,8.418,8.311,8.349,16110,15187697.267,1.27,0.29
2024-10-08,8.33,8.346,8.129,8.187,29698,27728761.07,2.6,0.53
2024-10-09,8.182,8.199,7.971,8.003,21753,19966716.892,2.78,0.39
2024-10-10,7.994,8.064,7.937,8.064,11917,10823452.586,1.59,0.21
2024-10-11,8.064,8.244,8.064,8.244,16445,15301430.881,2.23,0.29
2024-10-14,8.242,8.253,8.199,8.239,13473,12589340.188,0.66,0.24
2024-10-15,8.239,8.262,8.236,8.237,14893,13923789.63,0.32,0.27
2024-10-16,8.213,8.239,8.207,8.235,13052,12175937.542,0.39,0.23
2024-10-17,8.195,8.269,8.195,8.195,15675,14622100.73,0.9,0.28
2024-10-18,8.244,8.244,8.155,8.161,13198,12275002.674,1.09,0.24
2024-10-21,8.174,8.231,8.161,8.185,9005,8363085.686,0.86,0.16
2024-10-22,8.185,8.233,8.155,8.193,14973,13923561.728,0.95,0.27
2024-10-23,8.164,8.194,8.119,8.143,13072,12093723.303,0.92,0.23
2024-10-24,8.119,8.151,8.118,8.133,8694,8037105.488,0.41,0.16
2024-10-25,8.18,8.192,8.094,8.144,7754,7145558.179,1.2,0.14
2024-10-28,8.139,8.19,8.104,8.189,8742,8100406.094,1.06,0.16
2024-10-29,8.153,8.291,8.153,8.26,11293,10567591.16,1.69,0.2
2024-10-30,8.26,8.269,8.193,8.226,7344,6854677.281,0.92,0.13
2024-10-31,8.253,8.289,8.217,8.277,10503,9856263.147,0.88,0.19
2024-11-01,8.28,8.306,8.28,8.301,9055,8518748.187,0.31,0.16
2024-11-04,8.311,8.311,8.271,8.29,11084,10419034.339,0.48,0.2
2024-11-05,8.292,8.331,8.226,8.295,9073,8510162.657,1.27,0.16
2024-11-06,8.255,8.302,8.255,8.282,6237,5853698.47,0.57,0.11
2024-11-07,8.282,8.3,8.254,8.274,3556,3332971.004,0.56,0.06
2024-11-08,8.266,8.299,8.234,8.299,9930,9324825.849,0.79,0.18
2024-11-11,8.289,8.322,8.259,8.312,5658,5322941.895,0.76,0.1
2024-11-12,8.312,8.362,8.305,8.359,6165,5820888.463,0.69,0.11
2024-11-13,8.359,8.363,8.332,8.358,8361,7908009.549,0.37,0.15
2024-11-14,8.377,8.38,8.284,8.284,4717,4442938.694,1.15,0.08
2024-11-15,8.295,8.295,8.199,8.282,9710,9073014.704,1.16,0.17
2024-11-18,8.256,8.256,8.175,8.179,11765,10940651.104,0.98,0.21
2024-11-19,8.209,8.209,8.145,8.2,134217,124820792.645,0.78,2.4
2024-11-20,8.2,8.255,8.152,8.214,15421,14362375.767,1.26,0.28
2024-11-21,8.217,8.217,8.144,8.149,7528,6991519.231,0.89,0.13
2024-11-22,8.149,8.207,8.149,8.19,8053,7480315.608,0.71,0.14
2024-11-25,8.174,8.195,8.154,8.186,6711,6232858.887,0.5,0.12
2024-11-26,8.178,8.199,8.154,8.168,6670,6185441.902,0.55,0.12
2024-11-27,8.166,8.191,8.165,8.174,7900,7333611.909,0.32,0.14
2024-11-28,8.172,8.189,8.165,8.184,6199,5754480.438,0.29,0.11
2024-11-29,8.189,8.229,8.163,8.19,6801,6327105.73,0.81,0.12
2024-12-02,8.192,8.197,8.17,8.186,9546,8872777.055,0.33,0.17
2024-12-03,8.174,8.211,8.174,8.194,4975,4628729.725,0.45,0.09
2024-12-04,8.194,8.229,8.179,8.202,6897,6418805.998,0.61,0.12
2024-12-05,8.187,8.202,8.178,8.178,6626,6157805.211,0.29,0.12
2024-12-06,8.197,8.197,8.169,8.177,8105,7521220.944,0.34,0.15
2024-12-09,8.177,8.193,8.167,8.176,8564,7950962.153,0.32,0.15
2024-12-10,8.176,8.22,8.166,8.218,8320,7742079.261,0.66,0.15
2024-12-11,8.243,8.371,8.193,8.294,30222,28351262.591,2.17,0.54
2024-12-12,8.304,8.338,8.293,8.304,17397,16381628.931,0.54,0.31
2024-12-13,8.313,8.338,8.267,8.298,16195,15235578.021,0.86,0.29
2024-12-16,8.388,8.415,8.291,8.334,10152,9192631.924,1.49,0.18
2024-12-17,8.334,8.406,8.329,8.334,15844,14387277.911,0.92,0.28
2024-12-18,8.326,8.345,8.292,8.303,19557,17686063.692,0.64,0.35
2024-12-19,8.303,8.309,8.204,8.218,18024,16227076.524,1.26,0.32
2024-12-20,8.229,8.271,8.224,8.248,14723,13215029.32,0.57,0.26
2024-12-23,8.248,8.329,8.248,8.329,18793,16982327.74,0.98,0.34
2024-12-24,8.329,8.336,8.273,8.275,11306,10217688.708,0.76,0.2
2024-12-25,8.275,8.323,8.254,8.312,11506,10358690.938,0.83,0.21
2024-12-26,8.312,8.347,8.3,8.342,38173,34546910.714,0.57,0.68
2024-12-27,8.342,8.391,8.327,8.391,16455,14960652.952,0.77,0.29
2024-12-30,8.391,8.474,8.391,8.466,15455,14202718.75,0.99,0.28
2024-12-31,8.469,8.512,8.466,8.499,16247,14966208.764,0.54,0.29
2025-01-02,8.482,8.565,8.482,8.548,15208,14069982.545,0.98,0.27
2025-01-03,8.569,8.641,8.552,8.565,39922,37278014.205,1.04,0.71
2025-01-06,8.574,8.661,8.565,8.627,80075,74865539.018,1.12,1.43
2025-01-07,8.629,8.629,8.478,8.521,20932,19327209.171,1.75,0.37
2025-01-08,8.511,8.548,8.444,8.526,18081,16732754.829,1.22,0.32
2025-01-09,8.537,8.625,8.526,8.624,16814,15654009.743,1.16,0.3
2025-01-10,8.628,8.717,8.59,8.652,17189,16112645.584,1.47,0.31
2025-01-13,8.652,8.674,8.574,8.58,16621,15552494.86,1.16,0.3
2025-01-14,8.578,8.578,8.445,8.466,21864,20202433.607,1.55,0.39
2025-01-15,8.458,8.576,8.445,8.514,19393,17920786.429,1.55,0.35
2025-01-16,8.518,8.52,8.263,8.455,33768,30741528.902,3.02,0.6
2025-01-17,8.433,8.45,8.363,8.438,13625,12470695.364,1.03,0.24
2025-01-20,8.444,8.5,8.372,8.494,15691,14406637.472,1.52,0.28
2025-01-21,8.499,8.572,8.444,8.546,21513,19925761.821,1.51,0.39
2025-01-22,8.546,8.593,8.504,8.59,26850,24874362.476,1.04,0.48
2025-01-23,8.581,8.635,8.539,8.635,12834,11937339.591,1.12,0.23
2025-01-24,8.635,8.635,8.527,8.537,15437,14377040.672,1.25,0.28
2025-01-27,8.523,8.594,8.523,8.552,13803,12818665.774,0.83,0.25
2025-02-05,8.552,8.552,8.489,8.531,14513,13418455.369,0.74,0.26
2025-02-06,8.542,8.565,8.524,8.535,14734,13637167.028,0.48,0.26
2025-02-07,8.535,8.549,8.496,8.534,11681,10793034.503,0.62,0.21
2025-02-10,8.534,8.756,8.514,8.666,28494,26663968.582,2.84,0.51
2025-02-11,8.668,8.913,8.62,8.897,20607,19699116.168,3.38,0.37
2025-02-12,8.897,8.905,8.814,8.816,18439,17697271.624,1.02,0.33
2025-02-13,8.808,8.808,8.734,8.773,13707,13014396.69,0.84,0.25
2025-02-14,8.768,8.81,8.734,8.8,8633,8214021.742,0.87,0.15
2025-02-17,8.842,8.935,8.808,8.901,17852,17166181.153,1.44,0.32
2025-02-18,8.862,8.929,8.849,8.849,12479,12005930.42,0.9,0.22
2025-02-19,8.848,8.848,8.754,8.759,16251,15460465.555,1.06,0.29
2025-02-20,8.759,8.944,8.756,8.903,23127,22134454.718,2.15,0.41
2025-02-21,8.906,9.002,8.885,8.956,17252,16723002.813,1.31,0.31
2025-02-24,8.956,8.956,8.854,8.854,9433,9061390.867,1.14,0.17
2025-02-25,8.854,8.854,8.691,8.694,17970,17061702.005,1.84,0.32
2025-02-26,8.694,8.722,8.656,8.66,12696,11963896.541,0.76,0.23
2025-02-27,8.659,8.676,8.625,8.648,18089,16956109.128,0.59,0.32
2025-02-28,8.65,8.671,8.618,8.628,17848,16712258.516,0.61,0.32
2025-03-03,8.636,8.657,8.597,8.654,24997,23345761.367,0.7,0.45
2025-03-04,8.652,8.708,8.647,8.673,15127,14229574.903,0.7,0.27
2025-03-05,8.665,8.672,8.627,8.63,14510,13600809.282,0.52,0.26
2025-03-06,8.629,8.643,8.588,8.599,12775,11911173.343,0.64,0.23
2025-03-07,8.599,8.6,8.58,8.6,11135,10369959.326,0.23,0.2
2025-03-10,8.6,8.684,8.6,8.669,12132,11367090.044,0.98,0.22
2025-03-11,8.669,8.669,8.631,8.648,14776,13838586.255,0.44,0.26
2025-03-12,8.647,8.647,8.596,8.615,9625,8993607.642,0.59,0.17
2025-03-13,8.612,8.645,8.601,8.631,8341,7804623.284,0.51,0.15
2025-03-14,8.631,8.657,8.589,8.645,11693,10951628.076,0.79,0.21
2025-03-17,8.645,8.678,8.632,8.658,8690,8162909.315,0.53,0.16
2025-03-18,8.65,8.731,8.649,8.715,14212,13381848.828,0.95,0.25
2025-03-19,8.724,8.733,8.677,8.73,9001,8496155.496,0.64,0.16
2025-03-20,8.734,8.799,8.714,8.724,13914,13171009.835,0.97,0.25
2025-03-21,8.724,8.762,8.695,8.708,9732,9190805.646,0.77,0.17
2025-03-24,8.698,8.698,8.631,8.644,11953,11235752.25,0.77,0.21
2025-03-25,8.639,8.687,8.639,8.674,10854,10201029.956,0.56,0.19
2025-03-26,8.674,8.687,8.667,8.674,11178,10508717.466,0.23,0.2
2025-03-27,8.656,8.728,8.656,8.704,11419,10761318.205,0.83,0.2
2025-03-28,8.704,8.8,8.704,8.774,13774,13070769.389,1.1,0.25
2025-03-31,8.779,8.838,8.735,8.74,14659,13944639.933,1.17,0.26
2025-04-01,8.74,8.838,8.684,8.836,22191,20997812.716,1.76,0.4
2025-04-02,8.881,8.881,8.793,8.799,13826,12961147.132,1.0,0.25
2025-04-03,8.799,8.799,8.762,8.768,8492,7931963.125,0.42,0.15
2025-04-07,8.766,8.766,8.579,8.579,16935,15643032.432,2.13,0.3
2025-04-08,8.581,8.656,8.516,8.578,13454,12291427.404,1.63,0.24
2025-04-09,8.575,8.608,8.531,8.58,12524,11464619.817,0.9,0.22
2025-04-10,8.577,8.584,8.543,8.549,18016,16431574.424,0.48,0.32
2025-04-11,8.55,8.628,8.55,8.606,7006,6415851.796,0.91,0.13
2025-04-14,8.608,8.639,8.586,8.594,9548,8754592.991,0.62,0.17
2025-04-15,8.598,8.617,8.586,8.607,7569,6937610.948,0.36,0.14
2025-04-16,8.604,8.628,8.594,8.619,7614,6992735.631,0.4,0.14
2025-04-17,8.625,8.651,8.608,8.65,9515,8749869.71,0.5,0.17
2025-04-18,8.635,8.635,8.606,8.619,10495,9644537.292,0.34,0.19
2025-04-21,8.624,8.624,8.546,8.586,11373,10387312.271,0.9,0.2
2025-04-22,8.582,8.637,8.54,8.635,10440,9559622.884,1.13,0.19
2025-04-23,8.638,8.638,8.593,8.636,9520,8750506.735,0.52,0.17
2025-04-24,8.635,8.679,8.616,8.67,16256,14966396.578,0.73,0.29
2025-04-25,8.675,8.679,8.635,8.637,8904,8210429.387,0.51,0.16
2025-04-28,8.634,8.655,8.62,8.633,9539,8777513.885,0.41,0.17
2025-04-29,8.65,8.664,8.611,8.651,6489,5978468.759,0.61,0.12
2025-04-30,8.58,8.654,8.58,8.651,6345,5844563.831,0.86,0.11
2025-05-06,8.623,8.668,8.622,8.668,6312,5816243.335,0.53,0.11
2025-05-07,8.668,8.723,8.643,8.71,13657,12642784.553,0.92,0.24
2025-05-08,8.71,8.718,8.691,8.71,8635,8005381.672,0.31,0.15
2025-05-09,8.708,8.71,8.686,8.694,6809,6308476.424,0.28,0.12
2025-05-12,8.694,8.723,8.686,8.718,8419,7807495.072,0.43,0.15
2025-05-13,8.702,8.752,8.702,8.731,7771,7227977.485,0.57,0.14
2025-05-14,8.731,8.78,8.715,8.78,9393,8761565.665,0.74,0.17
2025-05-15,8.78,8.818,8.748,8.805,10130,9495165.024,0.8,0.18
2025-05-16,8.785,8.793,8.765,8.765,10998,10280929.572,0.32,0.2
2025-05-19,8.768,8.768,8.737,8.749,6763,6303795.217,0.35,0.12
2025-05-20,8.739,8.79,8.737,8.774,8529,7947774.686,0.61,0.15
2025-05-21,8.774,8.834,8.766,8.832,18566,17433253.17,0.78,0.33
2025-05-22,8.83,8.84,8.82,8.832,20945,19687569.297,0.23,0.37
2025-05-23,8.832,8.842,8.795,8.825,15274,14357211.228,0.53,0.27
2025-05-26,8.835,8.86,8.811,8.819,7473,7017339.889,0.56,0.13
2025-05-27,8.812,8.848,8.812,8.82,9747,9158300.979,0.41,0.17
2025-05-28,8.811,8.811,8.779,8.79,8601,8051455.46,0.36,0.15
2025-05-29,8.768,8.83,8.761,8.827,5909,5533555.334,0.78,0.11
2025-05-30,8.826,8.848,8.821,8.848,7680,7226175.764,0.31,0.14
2025-06-03,8.848,8.915,8.816,8.913,11600,10936036.876,1.12,0.21
2025-06-04,8.913,9.039,8.913,9.037,15636,14944604.567,1.41,0.28
2025-06-05,9.037,9.187,9.016,9.177,15923,15463333.553,1.89,0.29
2025-06-06,9.142,9.372,9.138,9.208,23892,23438442.772,2.55,0.43
2025-06-09,9.17,9.207,9.08,9.136,14365,13917603.712,1.38,0.26
2025-06-10,9.103,9.233,9.076,9.23,14006,13668499.353,1.72,0.25
2025-06-11,9.19,9.279,9.182,9.245,10331,10130465.785,1.05,0.18
2025-06-12,9.243,9.323,9.226,9.311,12398,12185602.518,1.05,0.22
2025-06-13,9.289,9.348,9.242,9.348,24117,23776870.301,1.14,0.43
2025-06-16,9.347,9.368,9.279,9.351,12977,12858054.319,0.95,0.23
2025-06-17,9.311,9.357,9.296,9.32,21595,21360030.384,0.65,0.39
2025-06-18,9.32,9.322,9.238,9.305,20839,20522487.49,0.9,0.37
2025-06-19,9.266,9.301,9.25,9.261,18106,17805127.833,0.55,0.32
2025-06-20,9.26,9.26,9.151,9.173,15726,15375868.556,1.18,0.28
2025-06-23,9.173,9.173,9.116,9.161,12961,12581846.627,0.62,0.23
2025-06-24,9.16,9.16,9.066,9.09,12271,11846503.133,1.03,0.22
2025-06-25,9.09,9.09,9.041,9.052,11247,10822202.193,0.54,0.2
2025-06-26,9.052,9.052,9.02,9.045,9881,9484599.323,0.35,0.18
2025-06-27,9.043,9.1,9.043,9.099,8874,8558964.719,0.63,0.16
2025-06-30,9.089,9.09,9.03,9.031,7749,7447718.66,0.66,0.14
2025-07-01,9.031,9.08,9.012,9.059,8245,7925517.768,0.75,0.15
2025-07-02,9.033,9.155,9.032,9.14,12027,11658477.5,1.36,0.22
2025-07-03,9.14,9.166,9.087,9.101,14859,14422356.566,0.86,0.27
2025-07-04,9.122,9.129,9.078,9.129,15215,14716947.144,0.56,0.27
2025-07-07,9.134,9.134,9.066,9.067,10472,10120439.064,0.74,0.19
2025-07-08,9.069,9.07,9.017,9.056,15308,14703613.808,0.58,0.27
2025-07-09,9.028,9.063,9.0,9.014,13435,12880526.784,0.7,0.24
2025-07-10,9.027,9.04,9.008,9.026,7922,7602591.438,0.36,0.14
2025-07-11,9.04,9.04,8.943,8.947,18466,17632992.92,1.07,0.33
2025-07-14,8.947,8.987,8.936,8.985,8731,8334173.18,0.57,0.16
2025-07-15,8.981,9.0,8.948,8.994,6541,6250125.977,0.58,0.12
2025-07-16,8.993,9.039,8.98,9.038,8217,7877433.528,0.66,0.15
2025-07-17,9.039,9.042,9.029,9.03,8581,8243546.976,0.14,0.15
2025-07-18,9.032,9.069,9.032,9.055,7222,6944415.16,0.41,0.13
2025-07-21,9.05,9.05,8.955,8.959,10470,9998170.258,1.05,0.19
2025-07-22,8.96,8.984,8.828,8.848,17082,16167063.236,1.74,0.31
2025-07-23,8.848,8.848,8.811,8.82,8461,7950949.103,0.42,0.15
2025-07-24,8.82,8.856,8.813,8.852,6050,5696410.758,0.49,0.11
2025-07-25,8.85,8.868,8.82,8.854,7134,6719234.988,0.54,0.13
2025-07-28,8.854,8.875,8.85,8.857,9268,8738067.071,0.28,0.17
2025-07-29,8.857,8.875,8.822,8.828,9407,8860905.019,0.6,0.17
2025-07-30,8.827,8.835,8.801,8.803,9770,9171751.018,0.39,0.17
2025-07-31,8.803,8.839,8.8,8.817,15716,14756075.844,0.44,0.28
2025-08-01,8.817,8.828,8.796,8.799,16787,15742514.972,0.36,0.3
2025-08-04,8.796,8.817,8.749,8.769,16604,15533616.079,0.77,0.3
2025-08-05,8.76,8.78,8.701,8.707,10514,9778034.174,0.9,0.19
2025-08-06,8.72,8.75,8.685,8.694,26214,24301521.11,0.75,0.47
2025-08-07,8.693,8.729,8.624,8.672,36062,33359829.425,1.21,0.65
2025-08-08,8.669,8.706,8.628,8.706,15730,14527062.148,0.9,0.28
2025-08-11,8.722,8.722,8.682,8.71,9067,8408467.784,0.46,0.16
2025-08-12,8.72,8.73,8.7,8.727,10127,9407597.002,0.34,0.18
2025-08-13,8.735,8.74,8.716,8.734,10738,9989764.852,0.28,0.19
2025-08-14,8.73,8.734,8.715,8.733,6811,6331387.029,0.22,0.12
2025-08-15,8.733,8.733,8.671,8.69,9061,8396339.013,0.71,0.16
2025-08-18,8.689,8.689,8.617,8.617,13979,12862524.229,0.83,0.25
2025-08-19,8.617,8.617,8.6,8.602,10124,9288755.36,0.2,0.18
2025-08-20,8.602,8.64,8.583,8.629,9123,8373820.569,0.66,0.16
2025-08-21,8.63,8.642,8.629,8.635,5655,5204597.923,0.15,0.1
2025-08-22,8.63,8.666,8.63,8.658,8064,7439224.285,0.42,0.14
2025-08-25,8.631,8.67,8.626,8.662,9050,8345867.665,0.51,0.16
2025-08-26,8.661,8.72,8.633,8.706,7720,7147900.838,1.0,0.14
2025-08-27,8.708,8.744,8.706,8.74,9077,8429595.001,0.44,0.16
2025-08-28,8.74,8.758,8.716,8.745,10224,9515058.28,0.48,0.18
2025-08-29,8.81,8.859,8.754,8.837,23922,22421769.562,1.2,0.43
2025-09-01,8.834,8.849,8.797,8.802,14247,13373770.648,0.59,0.26
2025-09-02,8.802,8.841,8.743,8.826,18250,17117828.453,1.11,0.33
2025-09-03,8.876,8.876,8.786,8.822,11393,10303763.056,1.02,0.2
2025-09-04,8.839,8.88,8.822,8.84,10810,9825378.824,0.66,0.19
2025-09-05,8.84,8.89,8.831,8.851,8150,7406086.116,0.67,0.15
2025-09-08,8.849,8.849,8.834,8.839,5263,4769627.152,0.17,0.09
2025-09-09,8.839,8.87,8.828,8.83,7802,7069712.127,0.48,0.14
2025-09-10,8.87,8.87,8.829,8.83,6591,5971176.125,0.46,0.12
2025-09-11,8.828,8.853,8.82,8.832,5921,5361434.294,0.37,0.11
2025-09-12,8.83,8.83,8.792,8.795,5972,5384678.586,0.43,0.11
2025-09-15,8.794,8.82,8.781,8.815,4667,4208667.117,0.44,0.08
2025-09-16,8.815,8.815,8.795,8.805,4871,4396547.856,0.23,0.09
2025-09-17,8.805,8.821,8.787,8.803,7720,6961844.55,0.39,0.14
2025-09-18,8.807,8.821,8.775,8.778,8179,7369922.235,0.52,0.15
2025-09-19,8.78,8.798,8.695,8.7,13122,11753886.94,1.17,0.23
2025-09-22,8.699,8.717,8.625,8.63,9913,8801753.1,1.06,0.18
2025-09-23,8.63,8.664,8.622,8.645,8237,7298442.652,0.49,0.15
2025-09-24,8.645,8.669,8.644,8.645,7232,6413642.705,0.29,0.13
2025-09-25,8.643,8.664,8.606,8.61,8849,7831301.58,0.67,0.16
2025-09-26,8.612,8.63,8.61,8.619,7468,6604933.884,0.23,0.13
2025-09-29,8.625,8.64,8.625,8.628,7232,6399719.594,0.17,0.13
2025-09-30,8.628,8.669,8.61,8.626,10137,8967156.464,0.68,0.18
2025-10-09,8.626,8.649,8.616,8.619,7081,6264958.42,0.38,0.13
2025-10-10,8.626,8.629,8.61,8.613,6612,5842865.176,0.22,0.12
2025-10-13,8.61,8.615,8.595,8.602,7701,6793998.876,0.23,0.14
2025-10-14,8.597,8.627,8.58,8.591,4552,4010798.483,0.55,0.08
2025-10-15,8.591,8.602,8.564,8.578,5732,5044806.761,0.44,0.1
2025-10-16,8.578,8.59,8.55,8.552,8593,7539691.563,0.47,0.15
2025-10-17,8.552,8.579,8.541,8.541,5024,4405439.35,0.44,0.09
2025-10-20,8.542,8.58,8.5,8.51,8844,7735005.628,0.94,0.16
2025-10-21,8.51,8.544,8.451,8.452,13708,11897802.49,1.09,0.25
2025-10-22,8.452,8.479,8.452,8.462,9565,8304140.048,0.32,0.17
2025-10-23,8.462,8.54,8.461,8.47,10640,9257242.24,0.93,0.19
2025-10-24,8.47,8.603,8.47,8.577,8578,7521213.046,1.57,0.15
2025-10-27,8.577,8.605,8.484,8.522,6958,6091806.106,1.41,0.12
2025-10-28,8.522,8.583,8.515,8.558,15103,13264417.947,0.8,0.27
2025-10-29,8.564,8.589,8.547,8.58,8329,7327975.184,0.49,0.15
2025-10-30,8.588,8.63,8.58,8.63,9176,8100686.059,0.58,0.16
2025-10-31,8.64,8.64,8.578,8.589,4360,3845582.183,0.72,0.08
2025-11-03,8.583,8.63,8.569,8.591,8155,7193239.32,0.71,0.15
2025-11-04,8.59,8.626,8.566,8.591,6987,6146264.484,0.7,0.13
2025-11-05,8.591,8.629,8.58,8.617,7396,6536552.456,0.57,0.13
2025-11-06,8.617,8.639,8.598,8.629,8082,7146946.716,0.48,0.14
2025-11-07,8.599,8.638,8.598,8.628,11010,9740871.491,0.46,0.2
2025-11-10,8.628,8.648,8.618,8.621,8910,7886242.333,0.35,0.16
2025-11-11,8.627,8.63,8.603,8.615,7756,6856463.071,0.31,0.14
2025-11-12,8.615,8.636,8.588,8.603,6848,6049077.867,0.56,0.12
2025-11-13,8.603,8.627,8.587,8.613,4889,4315523.266,0.46,0.09
2025-11-14,8.621,8.652,8.595,8.65,3289,2909504.81,0.66,0.06
2025-11-17,8.651,8.651,8.613,8.642,7606,6743251.77,0.44,0.14
2025-11-18,8.646,8.67,8.63,8.67,9196,8159208.396,0.46,0.16
2025-11-19,8.67,8.77,8.66,8.77,12477,11172457.557,1.27,0.22
2025-11-20,8.77,8.77,8.705,8.73,8549,7644618.149,0.74,0.15
2025-11-21,8.754,8.759,8.682,8.695,9383,8364470.746,0.88,0.17
2025-11-24,8.695,8.73,8.586,8.594,9226,8169760.528,1.66,0.17
2025-11-25,8.629,8.629,8.53,8.59,10982,9674350.47,1.15,0.2
2025-11-26,8.579,8.625,8.578,8.61,8153,7186582.723,0.55,0.15
2025-11-27,8.591,8.614,8.581,8.6,8392,7402724.063,0.38,0.15
2025-11-28,8.6,8.622,8.583,8.608,8078,7127647.62,0.45,0.14
2025-12-01,8.606,8.618,8.582,8.587,6391,5631059.835,0.42,0.11
2025-12-02,8.586,8.587,8.543,8.549,6501,5713247.216,0.51,0.12
2025-12-03,8.549,8.586,8.542,8.551,2317,2032839.498,0.51,0.04
2025-12-04,8.551,8.592,8.541,8.547,4235,3713840.277,0.6,0.08
2025-12-05,8.547,8.568,8.54,8.549,6691,5862310.098,0.33,0.12
2025-12-08,8.548,8.564,8.518,8.525,7988,6999183.997,0.54,0.14
2025-12-09,8.525,8.533,8.47,8.475,5426,4723816.93,0.74,0.1
2025-12-10,8.46,8.508,8.451,8.474,4250,3693088.155,0.67,0.08
2025-12-11,8.474,8.49,8.465,8.475,5665,4922912.632,0.3,0.1
2025-12-12,8.475,8.48,8.46,8.471,11033,9592280.291,0.24,0.2
2025-12-15,8.46,8.478,8.371,8.379,4341,3749519.116,1.26,0.08
2025-12-16,8.378,8.378,8.192,8.252,9955,8444245.156,2.22,0.18
2025-12-17,8.255,8.304,8.19,8.217,9912,8400152.347,1.38,0.18
2025-12-18,8.217,8.218,8.145,8.148,11092,9329051.437,0.89,0.2
2025-12-19,8.148,8.2,8.002,8.01,15283,12618269.275,2.43,0.27
2025-12-22,8.025,8.071,8.0,8.011,9554,7876774.615,0.89,0.17
2025-12-23,8.058,8.058,7.951,7.955,11367,9346146.281,1.34,0.2
2025-12-24,8.07,8.07,7.896,8.03,21411,17025601.536,2.19,0.38
2025-12-25,8.04,8.154,7.997,8.14,14137,11440665.26,1.96,0.25
2025-12-26,8.14,8.167,8.051,8.07,11426,9227134.651,1.43,0.2
2025-12-29,8.07,8.07,7.982,8.008,8281,6635163.095,1.09,0.15
2025-12-30,8.005,8.033,7.97,8.03,9197,7352019.103,0.79,0.16
2025-12-31,8.03,8.03,7.985,8.026,5039,4034469.288,0.56,0.09
2026-01-05,8.029,8.078,8.029,8.071,5950,4801603.37,0.61,0.11
2026-01-06,8.072,8.087,8.03,8.047,10767,8661800.329,0.71,0.19
2026-01-07,8.047,8.066,8.025,8.05,15063,12108403.598,0.51,0.27
2026-01-08,8.049,8.065,8.045,8.061,17094,13777331.169,0.25,0.31
2026-01-09,8.062,8.089,8.048,8.053,10538,8500417.852,0.51,0.19
2026-01-12,8.052,8.055,8.002,8.051,10731,8606312.359,0.66,0.19
2026-01-13,8.049,8.056,8.045,8.051,21312,17159345.348,0.14,0.38
2026-01-14,8.051,8.056,8.042,8.051,5850,4709595.842,0.17,0.1
2026-01-15,8.053,8.062,8.043,8.049,12016,9673597.534,0.24,0.22
2026-01-16,8.05,8.057,8.048,8.055,11640,9371453.479,0.11,0.21
2026-01-19,8.056,8.056,8.046,8.05,12893,10379613.35,0.12,0.23
2026-01-20,8.05,8.062,8.04,8.05,12260,9872343.377,0.27,0.22
2026-01-21,8.05,8.06,8.049,8.051,8013,6453262.75,0.14,0.14
2026-01-22,8.051,8.126,8.051,8.086,13437,10878571.593,0.93,0.24
2026-01-23,8.086,8.127,8.051,8.118,29748,24082824.819,0.94,0.53
2026-01-26,8.117,8.117,8.078,8.091,15519,12561921.138,0.48,0.28
2026-01-27,8.092,8.114,8.061,8.1,24895,20158378.274,0.66,0.45
2026-01-28,8.098,8.11,8.086,8.105,20189,16352128.991,0.3,0.36
2026-01-29,8.128,8.128,8.101,8.115,15285,12392178.079,0.33,0.27
2026-01-30,8.116,8.128,8.101,8.11,9005,7306927.852,0.33,0.16
2026-02-02,8.106,8.106,8.02,8.021,9637,7760589.735,1.06,0.17
2026-02-03,8.021,8.073,8.007,8.054,15597,12560597.415,0.82,0.28
2026-02-04,8.05,8.085,8.05,8.077,11570,9342051.151,0.43,0.21
2026-02-05,8.072,8.074,8.052,8.068,15814,12749194.376,0.27,0.28
2026-02-06,8.081,8.081,8.053,8.059,4998,4028209.018,0.35,0.09
